Workbook
Name AIP: MaterialData!$C$3:$F$3,MaterialData!$P$3
Name AIP: MaterialData!$C$3:$F$3,MaterialData!$P$3
Name AIP: MaterialData!$C$3:$F$3,MaterialData!$P$3
Name ConstructionType: MaterialData!$B$23:$B$25
Name ConstructionType: MaterialData!$B$23:$B$25
Name ConstructionType: MaterialData!$B$23:$B$25
Name Guidance_notes_FBHS: 'EV4.4 Guidance Notes'!$A$1
Name Guidance_notes_FBHS: #REF!
Name Guidance_notes_FBHS: 'T3.14 T3.6 Guidance Notes'!$A$1
Name Guidance_notes_FHB: #REF!
Name Guidance_notes_FHB: 'T3.12 T3.6 Guidance Notes'!$A$1
Name Guidance_notes_IA_and_AIP: #REF!
Name Guidance_notes_IA_and_AIP: 'T3.17.3 Guidance Notes'!$A$1
Name Guidance_notes_MHBS: #REF!
Name Guidance_notes_MHBS: 'T1.1 Guidance Notes'!$A$1
Name Guidance_notes_MHBS: 'T3.6 Guidance Notes'!$A$1
Name Guidance_notes_MHBS: 'T3.11.5 T3.6 Guidance Notes'!$A$1
Name Guidance_notes_Monocoque_Attachments: #REF!
Name Guidance_notes_Monocoque_Attachments: 'Monocoque Attachments Guidance'!$A$1
Name Guidance_notes_Perimeter_Shear: 'T4.5 Guidance Notes'!$A$1
Name Guidance_notes_Perimeter_Shear: 'T3.6.11 Guidance Notes'!$A$1
Name Guidance_notes_SIS: #REF!
Name Guidance_notes_SIS: 'T3.15 T3.6 Guidance Notes'!$A$1
Name Guidance_notes_TSPS: #REF!
Name Guidance_notes_TSPS: 'EV4.4 Guidance Notes'!$A$1
Name Innertable: MaterialData!$C$6:$V$11
Name Innertable: MaterialData!$C$6:$V$11
Name Innertable: MaterialData!$C$6:$V$11
Name Innertable: MaterialData!$C$6:$V$11
Name Innertable: MaterialData!$C$6:$V$11
Name Lijst: 'T1.2.1 T4.6 T4.8 Firewall'!$K$6:$L$7
Name Lijst: 'T1.2.1 T4.6 T4.8 Firewall'!$K$6:$L$7
Name Link_to_guidance_notes: #REF!
Name Link_to_guidance_notes: #REF!
Name Link_to_guidance_notes__Front_Hoop__FH__attachments: #REF!
Name Link_to_guidance_notes__Front_Hoop__FH__attachments: 'Front Hoop Attachment Guidance'!$A$1:$S$1
Name Link_to_guidance_notes_cell_stacks: #REF!
Name Link_to_guidance_notes_cell_stacks: #REF!
Name Link_to_guidance_notes_TSAC_attachment: 'EV5.5 TSAC Attachment Guidance'!$A$1
Name Material: MaterialData!$C$3:$V$3
Name Material: MaterialData!$C$3:$V$3
Name Material: MaterialData!$C$3:$V$3
Name Material: MaterialData!$C$3:$V$3
Name Material: MaterialData!$C$3:$V$3
Name Materialname: MaterialData!$C$4:$V$4
Name Materialname: MaterialData!$C$4:$V$4
Name Materials: MaterialData!$C$3:$V$3
Name Materials: MaterialData!$C$3:$V$3
Name Materials: MaterialData!$C$3:$V$3
Name Materials: MaterialData!$C$3:$V$3
Name Materials: MaterialData!$C$3:$V$3
Name Metallic_Mats: MaterialData!$C$3:$F$3
Name Metallic_Mats: MaterialData!$C$3:$F$3
Name Metallic_Mats: MaterialData!$C$3:$F$3
Name Metallic_Mats: MaterialData!$C$3:$F$3
Name Metallic_Mats: MaterialData!$C$3:$F$3
Name Table: MaterialData!$B$3:$V$11
Name Table: MaterialData!$B$3:$V$11
Name Tube_Type: MaterialData!$B$27:$B$28
Name Tube_Type: MaterialData!$B$27:$B$28

Sheet Read_Me
A1: 2026 | B1: V1.3 | C1: FS Structural Equivalency Spreadsheet Guide
A3: The SES template has been created to simplify the process of proving structural equivalency.
A5: Please enter your values in the yellow cells and paste all the images in the specific tabs which shows your entered values.
A7: All dimensions and units must follow the European SI System!
A9: The current SES includes formula's that only work with versions of Office 2021 and newer (e.g. Office 365)!
A11: The final decision about all designs will be made at technical inspection. Approval of an SES does not guarantee passing Tech. Inspection!
A13: As downloaded the spreadsheet assumes a baseline steel chassis design. The majority of the cells in the spreadsheet are locked, you can only edit the cells shaded yellow.
A14: Cells shaded grey are dependant on the data entered in yellow cells, the formulae in these grey cells have been left visible so you can see how the results are calculated.
A15: The vast majority of the tabs can be accessed using the hyperlinks on the cover sheet. If you enable macros when opening the document "Ctrl+e" will return you to the cover sheet.
A16: The SES has been extensively tested, but if you think you have found a mistake in the document or have any questions on how to use the template please submit a question in the usual manner.
A17: Please read the guidance notes located at the end of the workbook.
A19: If you find a new problem with the SES template or require a clarification 72 hours or less before the SES submission deadline please include your own
A20: proof of equivalency in the "Additional Info" tab as well as filing a Rules question.
B22: Teams are not permitted to rename the name of the TAB or to delete any TAB
A24: Revisions:
A25: V1.0 | B25: First release for 2026 rules
B26: - Updates to MaterialData/T3.5 (now T3.6) Laminate Test TABs, new TAB Laminate Table included, TABs T3.5 Laminate Tests, T3.5.9 Shear Tests reduced to singular TAB.
B27: - New TABs included/moved forward for Composite & Metal Datasheets
B28: - 'T3.3.3 (T3.2.2) Additional Info' TAB redundant and deleted due to new 'Metal Datasheets' TAB
B29: - T3.5.8 Shear Tests TAB: corrected incorrect peak force input into calculation for SIS & FBHS (lower peak must be used, instead of highest)
B30: - T3.4.2 Proof incorporated in new TAB Laminate Table
B31: - T3.15 T3.6 SIS TAB: check for sufficient energy absorption incorporated, failure if effective panel height smaller than 275mm AND linear scale of 65J requirement drops below 100%
B32: - In A2.2 First Year vehicle TAB: Additional comments cells removed, redundant due to large editable area below
B33: - References to Rules updated
A34: V1.1 | B34: - In ReadMe: message added regarding compatible versions (Office 2021 and younger)
B35: - Drop down selection edited for Composite Datasheets to include Bidirectional;Triaxial;Quadraxial instead of Woven Fabric;Non-Crimp Fabric, updated areal weight calculations to reflect those
B36: - T3.6 Laminate Tests TAB: renaming of materials and editability of support span for different steel tube test
B37: - Editable area definitions reinstated in several TAB's, amongst which: MaterialData, T3.9 Main Hoop, T3.10 Front Hoop and T3.11 Main Hoop Bracing, T4.5 Harness Attachments, T1.2.1 T4.6 T4.8 Firewall
B38: - T5.5 Shoulder Harness Bar: formatting fixed
B39: - Repaired drop-down and formatting in T1.2.1 T4.6 T4.8 Firewall TAB
B40: - University Name Reference in Metal, Composite Datasheets and Laminate Table TAB's corrected
B41: - Several TAB's: cell H/K27 corrected color formatting
B42: - T4.5 Harness Attachments TAB: Combined belts - corrected FAIL criteria (>365 Mpa) in cell AE18
B43: - Metal Datasheets TAB: formatting fixed when dropdown is selected to be aluminium (material 1-3), some formulae corrected to display N/A
B44: - T3.16 FH & FH Bing Attachments and T3.16 MH & MH Bing Attachments TAB's: fixed broken links to MaterialData TAB
B45: - Cover Sheet: fixed links to A/TSPS Side/Rear
A46: V1.2 | B46: - Editable area definition reinstated in TAB T3.6 Laminate Tests: from Laminate 10 onwards
B47: - In Laminate Table TAB: Corrected Column for T3.4.3 Compliance Check
A48: V1.3 | B48: - In T1.2.1 T4.6 T4.8 Firewall TAB: editable area reinstated
B49: - In Metal Datasheets TAB: Plastic Strain [%] link to elastic modulus corrected for other metals
B50: - In Laminate Table TAB: Corrected Column for T3.4.3 Compliance Check & editable area reinstated
B52: - If you have suggestions for significant improvement: please e-mail: ses@formulastudent.de (NOT intented for general rules questions or difficulties with your vehicle design)

Sheet Version History
A1: If you have to resubmit your SES then please update the table below, indicating what changes you have made from the previous submission.
A3: Submission Version | B3: Revision Comments
A4: V1.0 | B4: Changed Layup of the ACPS
B5: Added Pictures of the manufacturing process of the monococque and laminating the front hoop
B6: added blind inserts
B7: updated the harness att. tests to the present
A8: V1.1 | B8: Added the non SES Area of the FHB light pink area
B9: Added proof of a single piece monocoque
A10: V3.0 | B10: Added the calculation needed to ensure strength equivalence of the laminated front hoop

Sheet Rules Clarifications
A1: Details of any rules clarifications must be referenced and appended in this tab.
A3: Clarification ID | B3: Details of Clarification Question and Answer
A4: R-013862 | B4: question regarding T3.15.3: is it rule compliant if a nut and washer are within the 25mm range of the TSAC; compliant this season.

Sheet Cover Sheet
A1: =CONCATENATE(Read_Me!A1," FS STRUCTURAL EQUIVALENCY SPREADSHEET (SES) ",Read_Me!B1," - COVER SHEET") -> 2026 FS STRUCTURAL EQUIVALENCY SPREADSHEET (SES) V1.3 - COVER SHEET
A3: This form must be completed and submitted by all teams no later than the date specified in the Action Deadlines on specific event website. The Technical Committee will review all submissions which deviate from the FS rules and reply with a decision about the requested deviation. All requests will have a confirmation of receipt sent to the team. Structural Equivalency Spreadsheets (SES) must be submitted electronically in Microsoft Excel Format (*.xlsx). The submissions must be named as follows: schoolname_ses.xlsx using the complete school name. Please submit as described in the Action Deadlines for each event.
A11: In the event that the FS Technical Committee requests additional information or calculations, teams have seven days from the date of request to submit the requested information.
A14: University Name | D14: OTH Amberg-Weiden | K14: Car No.(s) & Event(s) | O14: FSA E32; FSG 23; FSP E23
A15: Team Contact | D15: Jan Frederking | K15: Email Address | N15: mechanics@runningsnail.oth-aw.de
A16: Faculty Advisor | D16: Prof. Dr. - Ing. Tobias Skubacz | K16: Email Address | N16: t.skubacz@oth-aw.de
A17: Powertrain Type | D17: Electric Vehicle | T17: Tube and Laminate Equivalency | AC17: Tube 1 | AG17: Tube 2 | AK17: Tube 3 | AO17: Composite
A18: Is proof of equivalency for your design required for any of the rules? | T18: EI / Safety Factor | U18: Area | V18: Yield | W18: UTS | X18: Yield as Welded | Y18: UTS as Welded | Z18: Max Bending Load at UTS | AA18: Max deflection at max baseline load | AB18: Energy absorbed during bending | AC18: Tube Material | AD18: Tube type | AE18: Outside Dimension | AF18: Wall thickness | AG18: Tube Material | AH18: Tube type | AI18: Outside Dimension | AJ18: Wall thickness | AK18: Tube Material | AL18: Tube type | AM18: Outside Dimension | AN18: Wall thickness | AO18: Material | AP18: Panel Thickness | AQ18: Inner Skin Thickness | AR18: Outer Skin Thickness | AS18: Panel Height | AT18: General status
A19: =IF(COUNTIF(A24:B47,"NO")>0,"Yes. Chassis deviates from baseline requirements","No. Chassis does not deviate from baseline requirements") -> Yes. Chassis deviates from baseline requirements
A21: Baseline Material Used | C21: Alternative Material Used | E21: Rule No. | G21: Rule Description | O21: Design Description and/or Material Name
A24: =IF(AND('T3.9 Main Hoop Tubing'!D13>='T3.9 Main Hoop Tubing'!C13,'T3.9 Main Hoop Tubing'!D14>='T3.9 Main Hoop Tubing'!C14),"YES","NO") -> NO | C24: NO | E24: T3.9 | G24: Main Roll Hoop Tubing | O24: 1.0576 (S355J2H) | T24: =IF(A24="no",'T3.9 Main Hoop Tubing'!E20,"NA") -> 149.49141 | U24: =IF(A24="no",'T3.9 Main Hoop Tubing'!E21,"NA") -> 101.44928 | V24: =IF(A24="no",'T3.9 Main Hoop Tubing'!E22,"NA") -> 101.44928 | W24: =IF(A24="no",'T3.9 Main Hoop Tubing'!E23,"NA") -> 101.44928 | X24: =IF(A24="no",'T3.9 Main Hoop Tubing'!E24,"NA") -> 101.44928 | Y24: =IF(A24="no",'T3.9 Main Hoop Tubing'!E25,"NA") -> 101.44928 | Z24: =IF(A24="no",'T3.9 Main Hoop Tubing'!E26,"NA") -> 126.5694 | AA24: =IF(A24="no",'T3.9 Main Hoop Tubing'!E27,"NA") -> 66.893474 | AB24: =IF(A24="no",'T3.9 Main Hoop Tubing'!E28,"NA") -> 107.16209 | AC24: ='T3.9 Main Hoop Tubing'!D4 -> Steel | AD24: ='T3.9 Main Hoop Tubing'!D5 -> Round | AE24: ='T3.9 Main Hoop Tubing'!D13 -> 30 | AF24: ='T3.9 Main Hoop Tubing'!D14 -> 2
A25: =IF(AND('T3.10 Front Hoop Tubing'!D4='T3.10 Front Hoop Tubing'!C4,'T3.10 Front Hoop Tubing'!D5='T3.10 Front Hoop Tubing'!C5,'T3.10 Front Hoop Tubing'!D13>='T3.10 Front Hoop Tubing'!C13,'T3.10 Front Hoop Tubing'!D14>='T3.10 Front Hoop Tubing'!C14),"YES","NO") -> NO | C25: =IF(A25="N/A","N/A",IF(A25="YES","NO","YES")) -> YES | E25: T3.10 | G25: Front Roll Hoop Tubing | T25: =IF(A25="no",'T3.10 Front Hoop Tubing'!E20,"NA") -> 162.43589 | U25: =IF(A25="no",'T3.10 Front Hoop Tubing'!E21,"NA") -> NA | V25: =IF(A25="no",'T3.10 Front Hoop Tubing'!E22,"NA") -> 141.8744 | W25: =IF(A25="no",'T3.10 Front Hoop Tubing'!E23,"NA") -> 148.19073 | X25: =IF(A25="no",'T3.10 Front Hoop Tubing'!E24,"NA") -> 122.09257 | Y25: =IF(A25="no",'T3.10 Front Hoop Tubing'!E25,"NA") -> 100.1516 | Z25: =IF(A25="no",'T3.10 Front Hoop Tubing'!E26,"NA") -> 297.70402 | AA25: =IF(A25="no",'T3.10 Front Hoop Tubing'!E27,"NA") -> 61.562749 | AB25: =IF(A25="no",'T3.10 Front Hoop Tubing'!E28,"NA") -> 545.61639 | AC25: ='T3.10 Front Hoop Tubing'!D4 -> Aluminium 2 | AD25: ='T3.10 Front Hoop Tubing'!D5 -> Square | AE25: ='T3.10 Front Hoop Tubing'!D13 -> 35.5 | AF25: ='T3.10 Front Hoop Tubing'!D14 -> 2
A26: =IF(AND('T3.11 Main Hoop Bracing'!D13>='T3.11 Main Hoop Bracing'!C13,'T3.11 Main Hoop Bracing'!D14>='T3.11 Main Hoop Bracing'!C14,'T3.11 Main Hoop Bracing'!D5='T3.11 Main Hoop Bracing'!C5),"YES","NO") -> YES | C26: =IF(A26="N/A","N/A",IF(A26="YES","NO","YES")) -> NO | E26: T3.11 | G26: Main Roll Hoop Bracing Tubing | O26: 1.0576 (S355J2H) | T26: =IF(A26="NO",'T3.11 Main Hoop Bracing'!E20,"NA") -> NA | U26: =IF(A26="NO",'T3.11 Main Hoop Bracing'!E21,"NA") -> NA | V26: =IF(A26="NO",'T3.11 Main Hoop Bracing'!E22,"NA") -> NA | W26: =IF(A26="NO",'T3.11 Main Hoop Bracing'!E23,"NA") -> NA | X26: =IF(A26="NO",'T3.11 Main Hoop Bracing'!E24,"NA") -> NA | Y26: =IF(A26="NO",'T3.11 Main Hoop Bracing'!E25,"NA") -> NA | Z26: =IF(A26="NO",'T3.11 Main Hoop Bracing'!E26,"NA") -> NA | AA26: =IF(A26="NO",'T3.11 Main Hoop Bracing'!E27,"NA") -> NA | AB26: =IF(A26="NO",'T3.11 Main Hoop Bracing'!E28,"NA") -> NA | AC26: ='T3.11 Main Hoop Bracing'!D4 -> Steel | AD26: ='T3.11 Main Hoop Bracing'!D5 -> Round | AE26: ='T3.11 Main Hoop Bracing'!D13 -> 25.4 | AF26: ='T3.11 Main Hoop Bracing'!D14 -> 1.7
A27: =IF(NOT('T3.11.5 T3.6 MHoop Brace Spt'!F2="tubing only"),"N/A",IF(AND('T3.11.5 T3.6 MHoop Brace Spt'!E5='T3.11.5 T3.6 MHoop Brace Spt'!C5,'T3.11.5 T3.6 MHoop Brace Spt'!E15>='T3.11.5 T3.6 MHoop Brace Spt'!C15,'T3.11.5 T3.6 MHoop Brace Spt'!E16>='T3.11.5 T3.6 MHoop Brace Spt'!C16),"YES","NO")) -> N/A | C27: =IF(A27="N/A","N/A",IF(A27="YES","NO","YES")) -> N/A | E27: T3.11.5 | G27: Main Hoop Bracing Support - Tube Frames | O27: / | T27: =IF(A27="NO",'T3.11.5 T3.6 MHoop Brace Spt'!$H$27,"NA") -> NA | U27: =IF(A27="NO",'T3.11.5 T3.6 MHoop Brace Spt'!$H$28,"NA") -> NA | V27: =IF(A27="NO",'T3.11.5 T3.6 MHoop Brace Spt'!$H$29,"NA") -> NA | W27: =IF(A27="NO",'T3.11.5 T3.6 MHoop Brace Spt'!$H$30,"NA") -> NA | X27: =IF(A27="NO",'T3.11.5 T3.6 MHoop Brace Spt'!$H$31,"NA") -> NA | Y27: =IF(A27="NO",'T3.11.5 T3.6 MHoop Brace Spt'!$H$32,"NA") -> NA | Z27: =IF(A27="NO",'T3.11.5 T3.6 MHoop Brace Spt'!$H$33,"NA") -> NA | AA27: =IF(A27="NO",'T3.11.5 T3.6 MHoop Brace Spt'!$H$34,"NA") -> NA | AB27: =IF(A27="NO",'T3.11.5 T3.6 MHoop Brace Spt'!$H$35,"NA") -> NA | AC27: =IF(A27="N/A","",IF('T3.11.5 T3.6 MHoop Brace Spt'!$F$2="composite only","",'T3.11.5 T3.6 MHoop Brace Spt'!E5)) | AD27: =IF(A27="N/A","",IF('T3.11.5 T3.6 MHoop Brace Spt'!$F$2="composite only","",'T3.11.5 T3.6 MHoop Brace Spt'!$E$6)) | AE27: =IF(A27="N/A","",IF('T3.11.5 T3.6 MHoop Brace Spt'!$F$2="composite only","",'T3.11.5 T3.6 MHoop Brace Spt'!$E$15)) | AF27: =IF(A27="N/A","",IF('T3.11.5 T3.6 MHoop Brace Spt'!$F$2="composite only","",'T3.11.5 T3.6 MHoop Brace Spt'!$E$16))
A28: =IF('T3.12 T3.6 FHoop Bracing'!F2="tubing only",IF(AND('T3.12 T3.6 FHoop Bracing'!E6='T3.12 T3.6 FHoop Bracing'!C6,'T3.12 T3.6 FHoop Bracing'!E15>='T3.12 T3.6 FHoop Bracing'!C15,'T3.12 T3.6 FHoop Bracing'!E16>='T3.12 T3.6 FHoop Bracing'!C16,'T3.12 T3.6 FHoop Bracing'!E5='T3.12 T3.6 FHoop Bracing'!C5),"YES","NO"),"N/A") -> N/A | C28: =IF(A28="N/A","N/A",IF(A28="YES","NO","YES")) -> N/A | E28: T3.12 | G28: Front Hoop Bracing - Tube Frames | O28: / | T28: =IF($A$28="NO",'T3.12 T3.6 FHoop Bracing'!$H$27,"NA") -> NA | U28: =IF($A$28="NO",'T3.12 T3.6 FHoop Bracing'!$H$28,"NA") -> NA | V28: =IF($A$28="NO",'T3.12 T3.6 FHoop Bracing'!$H$29,"NA") -> NA | W28: =IF($A$28="NO",'T3.12 T3.6 FHoop Bracing'!$H$30,"NA") -> NA | X28: =IF($A$28="NO",'T3.12 T3.6 FHoop Bracing'!$H$31,"NA") -> NA | Y28: =IF($A$28="NO",'T3.12 T3.6 FHoop Bracing'!$H$32,"NA") -> NA | Z28: =IF($A$28="NO",'T3.12 T3.6 FHoop Bracing'!$H$33,"NA") -> NA | AA28: =IF($A$28="NO",'T3.12 T3.6 FHoop Bracing'!$H$34,"NA") -> NA | AB28: =IF($A$28="NO",'T3.12 T3.6 FHoop Bracing'!$H$35,"NA") -> NA | AC28: =IF(A28="N/A","",IF('T3.12 T3.6 FHoop Bracing'!$F$2="Composite Only","",'T3.12 T3.6 FHoop Bracing'!$E$5)) | AD28: =IF(A28="N/A","",IF('T3.12 T3.6 FHoop Bracing'!$F$2="Composite Only","",'T3.12 T3.6 FHoop Bracing'!$E$6)) | AE28: =IF(A28="N/A","",IF('T3.12 T3.6 FHoop Bracing'!$F$2="Composite Only","",'T3.12 T3.6 FHoop Bracing'!$E$15)) | AF28: =IF(A28="N/A","",IF('T3.12 T3.6 FHoop Bracing'!$F$2="Composite Only","",'T3.12 T3.6 FHoop Bracing'!$E$16))
A29: =IF(NOT('T3.13 T3.6 Ft Bulkhead'!F2="tubing only"),"N/A",IF(AND('T3.13 T3.6 Ft Bulkhead'!E5='T3.13 T3.6 Ft Bulkhead'!C5,'T3.13 T3.6 Ft Bulkhead'!E17>='T3.13 T3.6 Ft Bulkhead'!C17,'T3.13 T3.6 Ft Bulkhead'!E18>='T3.13 T3.6 Ft Bulkhead'!C18),"YES","NO")) -> N/A | C29: =IF(A29="N/A","N/A",IF(A29="YES","NO","YES")) -> N/A | E29: T3.13 | G29: Front Bulkhead - Tube Frames | O29: / | T29: =IF($A$29="NO",'T3.13 T3.6 Ft Bulkhead'!$H30,"NA") -> NA | U29: =IF($A$29="NO",'T3.13 T3.6 Ft Bulkhead'!$H31,"NA") -> NA | V29: =IF($A$29="NO",'T3.13 T3.6 Ft Bulkhead'!$H32,"NA") -> NA | W29: =IF($A$29="NO",'T3.13 T3.6 Ft Bulkhead'!$H33,"NA") -> NA | X29: =IF($A$29="NO",'T3.13 T3.6 Ft Bulkhead'!$H34,"NA") -> NA | Y29: =IF($A$29="NO",'T3.13 T3.6 Ft Bulkhead'!$H35,"NA") -> NA | Z29: =IF($A$29="NO",'T3.13 T3.6 Ft Bulkhead'!$H36,"NA") -> NA | AA29: =IF($A$29="NO",'T3.13 T3.6 Ft Bulkhead'!$H37,"NA") -> NA | AB29: =IF($A$29="NO",'T3.13 T3.6 Ft Bulkhead'!$H38,"NA") -> NA | AC29: =IF(A29="N/A","",IF('T3.13 T3.6 Ft Bulkhead'!$F$2="Composite only","",'T3.13 T3.6 Ft Bulkhead'!$E$5)) | AD29: =IF(A29="N/A","",IF('T3.13 T3.6 Ft Bulkhead'!$F$2="Composite only","",'T3.13 T3.6 Ft Bulkhead'!$E$6)) | AE29: =IF(A29="N/A","",IF('T3.13 T3.6 Ft Bulkhead'!$F$2="Composite only","",'T3.13 T3.6 Ft Bulkhead'!$E$18)) | AF29: =IF(A29="N/A","",IF('T3.13 T3.6 Ft Bulkhead'!$F$2="Composite only","",'T3.13 T3.6 Ft Bulkhead'!$E$19))
A30: =IF(NOT('T3.14 T3.6 FBH Spt Structure'!F2="tubing only"),"N/A",IF('T3.14 T3.6 FBH Spt Structure'!G17="YES","YES","NO")) -> N/A | C30: =IF(A30="N/A","N/A",IF(A30="YES","NO","YES")) -> N/A | E30: T3.14 | G30: Front Bulkhead Support - Tube Frames | O30: / | T30: =IF($A$30="NO",'T3.14 T3.6 FBH Spt Structure'!$K$27,"NA") -> NA | U30: =IF($A$30="NO",'T3.14 T3.6 FBH Spt Structure'!$K$28,"NA") -> NA | V30: =IF($A$30="NO",'T3.14 T3.6 FBH Spt Structure'!$K$29,"NA") -> NA | W30: =IF($A$30="NO",'T3.14 T3.6 FBH Spt Structure'!$K$30,"NA") -> NA | X30: =IF($A$30="NO",'T3.14 T3.6 FBH Spt Structure'!$K$31,"NA") -> NA | Y30: =IF($A$30="NO",'T3.14 T3.6 FBH Spt Structure'!$K$32,"NA") -> NA | Z30: =IF($A$30="NO",'T3.14 T3.6 FBH Spt Structure'!$K$33,"NA") -> NA | AA30: =IF($A$30="NO",'T3.14 T3.6 FBH Spt Structure'!$K$34,"NA") -> NA | AB30: =IF($A$30="NO",'T3.14 T3.6 FBH Spt Structure'!$K$35,"NA") -> NA | AC30: =IF('T3.14 T3.6 FBH Spt Structure'!$F$2="tubing only",'T3.14 T3.6 FBH Spt Structure'!$E$5,"") | AD30: =IF('T3.14 T3.6 FBH Spt Structure'!$F$2="tubing only",'T3.14 T3.6 FBH Spt Structure'!$E$6,"") | AE30: =IF('T3.14 T3.6 FBH Spt Structure'!$F$2="tubing only",'T3.14 T3.6 FBH Spt Structure'!$E$15,"") | AF30: =IF('T3.14 T3.6 FBH Spt Structure'!$F$2="tubing only",'T3.14 T3.6 FBH Spt Structure'!$E$16,"") | AG30: =IF('T3.14 T3.6 FBH Spt Structure'!$F$2="tubing only",IF('T3.14 T3.6 FBH Spt Structure'!$F$14>0,'T3.14 T3.6 FBH Spt Structure'!$F$5,""),"") | AH30: =IF('T3.14 T3.6 FBH Spt Structure'!$F$2="tubing only",IF('T3.14 T3.6 FBH Spt Structure'!$F$14>0,'T3.14 T3.6 FBH Spt Structure'!$F$6,""),"") | AI30: =IF('T3.14 T3.6 FBH Spt Structure'!$F$2="tubing only",IF('T3.14 T3.6 FBH Spt Structure'!$F$14>0,'T3.14 T3.6 FBH Spt Structure'!$F$15,""),"") | AJ30: =IF('T3.14 T3.6 FBH Spt Structure'!$F$2="tubing only",IF('T3.14 T3.6 FBH Spt Structure'!$F$14>0,'T3.14 T3.6 FBH Spt Structure'!$F$16,""),"") | AK30: =IF('T3.14 T3.6 FBH Spt Structure'!$F$2="tubing only",IF('T3.14 T3.6 FBH Spt Structure'!$G$14>0,'T3.14 T3.6 FBH Spt Structure'!$G$5,""),"") | AL30: =IF('T3.14 T3.6 FBH Spt Structure'!$F$2="tubing only",IF('T3.14 T3.6 FBH Spt Structure'!$G$14>0,'T3.14 T3.6 FBH Spt Structure'!$G$6,""),"") | AM30: =IF('T3.14 T3.6 FBH Spt Structure'!$F$2="tubing only",IF('T3.14 T3.6 FBH Spt Structure'!$G$14>0,'T3.14 T3.6 FBH Spt Structure'!$G$15,""),"") | AN30: =IF('T3.14 T3.6 FBH Spt Structure'!$F$2="tubing only",IF('T3.14 T3.6 FBH Spt Structure'!$G$14>0,'T3.14 T3.6 FBH Spt Structure'!$G$16,""),"")
A31: =IF(NOT('T3.15 T3.6 SIS'!F2="tubing only"),"N/A",IF('T3.15 T3.6 SIS'!G17="YES","YES","NO")) -> N/A | C31: =IF(A31="N/A","N/A",IF(A31="YES","NO","YES")) -> N/A | E31: T3.15 | G31: Side Impact Structure - Tube Frames | O31: / | T31: =IF($A$31="NO",'T3.15 T3.6 SIS'!$L$27,"NA") -> NA | U31: =IF($A$31="NO",'T3.15 T3.6 SIS'!$L$28,"NA") -> NA | V31: =IF($A$31="NO",'T3.15 T3.6 SIS'!$L$29,"NA") -> NA | W31: =IF($A$31="NO",'T3.15 T3.6 SIS'!$L$30,"NA") -> NA | X31: =IF($A$31="NO",'T3.15 T3.6 SIS'!$L$31,"NA") -> NA | Y31: =IF($A$31="NO",'T3.15 T3.6 SIS'!$L$32,"NA") -> NA | Z31: =IF($A$31="NO",'T3.15 T3.6 SIS'!$L$33,"NA") -> NA | AA31: =IF($A$31="NO",'T3.15 T3.6 SIS'!$L$34,"NA") -> NA | AB31: =IF($A$31="NO",'T3.15 T3.6 SIS'!$L$35,"NA") -> NA | AC31: =IF('T3.15 T3.6 SIS'!$F$2="tubing only",'T3.15 T3.6 SIS'!$E$5,"") | AD31: =IF('T3.15 T3.6 SIS'!$F$2="tubing only",'T3.15 T3.6 SIS'!$E$6,"") | AE31: =IF('T3.15 T3.6 SIS'!$F$2="tubing only",'T3.15 T3.6 SIS'!$E$15,"") | AF31: =IF('T3.15 T3.6 SIS'!$F$2="tubing only",'T3.15 T3.6 SIS'!$E$16,"") | AG31: =IF('T3.15 T3.6 SIS'!$F$2="tubing only",IF('T3.15 T3.6 SIS'!$F$14>0,'T3.15 T3.6 SIS'!$F$5,""),"") | AH31: =IF('T3.15 T3.6 SIS'!$F$2="tubing only",IF('T3.15 T3.6 SIS'!$F$14>0,'T3.15 T3.6 SIS'!$F$6,""),"") | AI31: =IF('T3.15 T3.6 SIS'!$F$2="tubing only",IF('T3.15 T3.6 SIS'!$F$14>0,'T3.15 T3.6 SIS'!$F$15,""),"") | AJ31: =IF('T3.15 T3.6 SIS'!$F$2="tubing only",IF('T3.15 T3.6 SIS'!$F$14>0,'T3.15 T3.6 SIS'!$F$16,""),"") | AK31: =IF('T3.15 T3.6 SIS'!$F$2="tubing only",IF('T3.15 T3.6 SIS'!$G$14>0,'T3.15 T3.6 SIS'!$G$5,""),"") | AL31: =IF('T3.15 T3.6 SIS'!$F$2="tubing only",IF('T3.15 T3.6 SIS'!$G$14>0,'T3.15 T3.6 SIS'!$G$6,""),"") | AM31: =IF('T3.15 T3.6 SIS'!$F$2="tubing only",IF('T3.15 T3.6 SIS'!$G$14>0,'T3.15 T3.6 SIS'!$G$15,""),"") | AN31: =IF('T3.15 T3.6 SIS'!$F$2="tubing only",IF('T3.15 T3.6 SIS'!$G$14>0,'T3.15 T3.6 SIS'!$G$16,""),"")
A32: =IF(AND('T5.5 Shoulder Harness Bar'!F2="tubing only",'T5.5 Shoulder Harness Bar'!E5='T5.5 Shoulder Harness Bar'!C5,'T5.5 Shoulder Harness Bar'!E15>='T5.5 Shoulder Harness Bar'!C15,'T5.5 Shoulder Harness Bar'!E16>='T5.5 Shoulder Harness Bar'!C16),"YES","NO") -> NO | C32: =IF(A32="N/A","N/A",IF(A32="YES","NO","YES")) -> YES | E32: T5.5 | G32: Shoulder Harness Bar | O32: Deltatech GG200T(M40J)-DT120-42 (fabric); Deltatech M40J-200-DT120-36; CP006; PAMG-XR1 5056 Aluminium Honeycomb 1/8"; Deltatech ZZ300T-DT120-44 45f/-20M/0M/20M/0M/45z/cp/18core/cp/45z/0M/20M/0M/-20M/45f | T32: =IF(A32="YES","NA",'T5.5 Shoulder Harness Bar'!H29) -> 147.78042 | U32: =IF(A32="YES","NA",'T5.5 Shoulder Harness Bar'!H30) -> 210.89183 | V32: =IF(A32="YES","NA",'T5.5 Shoulder Harness Bar'!H31) -> 244.52927 | W32: =IF(A32="YES","NA",'T5.5 Shoulder Harness Bar'!H32) -> 204.33267 | X32: =IF(A32="YES","NA",'T5.5 Shoulder Harness Bar'!H33) -> 414.34126 | Y32: =IF(A32="YES","NA",'T5.5 Shoulder Harness Bar'!H34) -> 248.60475 | Z32: =IF(A32="YES","NA",'T5.5 Shoulder Harness Bar'!H35) -> 350.64233 | AA32: =IF(A32="YES","NA",'T5.5 Shoulder Harness Bar'!H36) -> 67.667961 | AB32: =IF(A32="YES","NA",'T5.5 Shoulder Harness Bar'!H37) -> 831.97787 | AC32: =IF('T5.5 Shoulder Harness Bar'!F2="composite only","",'T5.5 Shoulder Harness Bar'!E5) | AD32: =IF('T5.5 Shoulder Harness Bar'!F2="composite only","",'T5.5 Shoulder Harness Bar'!E6) | AE32: =IF('T5.5 Shoulder Harness Bar'!F2="composite only","",'T5.5 Shoulder Harness Bar'!E15) | AF32: =IF('T5.5 Shoulder Harness Bar'!F2="composite only","",'T5.5 Shoulder Harness Bar'!E16) | AO32: =IF('T5.5 Shoulder Harness Bar'!F2="tubing only","",'T5.5 Shoulder Harness Bar'!F5) -> Other 5 | AP32: =IF('T5.5 Shoulder Harness Bar'!F2="tubing only","",'T5.5 Shoulder Harness Bar'!F20) -> 20 | AQ32: =IF('T5.5 Shoulder Harness Bar'!$F$2="tubing only","",'T5.5 Shoulder Harness Bar'!F22) -> 1 | AR32: =IF('T5.5 Shoulder Harness Bar'!$F$2="tubing only","",'T5.5 Shoulder Harness Bar'!F23) -> 1 | AS32: =IF('T5.5 Shoulder Harness Bar'!F2="tubing only","",'T5.5 Shoulder Harness Bar'!F24) -> 182.86
A33: =IF('T3.17.3 IA AI Plate'!D23="YES","YES","NO") -> NO | C33: =IF(A33="N/A","N/A",IF(A33="YES","NO","YES")) -> YES | E33: T3.17.3 | G33: Impact Attenuator Anti-Intrusion Plate | O33: EN AW 5083 | T33: =IF(A33="YES","NA",IF('T3.17.3 IA AI Plate'!$D$23="NO","CH")) -> CH
A34: =IF('T3.12 T3.6 FHoop Bracing'!F2="tubing only","N/A","NO") -> NO | C34: =IF(A34="N/A","N/A",IF(A34="YES","NO","YES")) -> YES | E34: T3.12/T3.6 | G34: Front Hoop Bracing - Monocoques | O34: Deltatech GG200T(M40J)-DT120-42 (fabric); Deltatech M40J-200-DT120-36; CP006; PAMG-XR1 5056 Aluminium Honeycomb 1/8"; 45f/0M/-20M/0M/20M/0M/45f/0f/CP/18core/CP/0f/45f/0M/20M/0M/-20M/0M/45f | T34: =IF($A$34="NO",'T3.12 T3.6 FHoop Bracing'!$H$27,"NA") -> 66.406192 | U34: =IF($A$34="NO",'T3.12 T3.6 FHoop Bracing'!$H$28,"NA") -> NA | V34: =IF($A$34="NO",'T3.12 T3.6 FHoop Bracing'!$H$29,"NA") -> 119.76707 | W34: =IF($A$34="NO",'T3.12 T3.6 FHoop Bracing'!$H$30,"NA") -> 100.07934 | X34: =IF($A$34="NO",'T3.12 T3.6 FHoop Bracing'!$H$31,"NA") -> 202.93865 | Y34: =IF($A$34="NO",'T3.12 T3.6 FHoop Bracing'!$H$32,"NA") -> 121.76319 | Z34: =IF($A$34="NO",'T3.12 T3.6 FHoop Bracing'!$H$33,"NA") -> 161.93209 | AA34: =IF($A$34="NO",'T3.12 T3.6 FHoop Bracing'!$H$34,"NA") -> 150.58837 | AB34: =IF($A$34="NO",'T3.12 T3.6 FHoop Bracing'!$H$35,"NA") -> 394.87285 | AC34: =IF('T3.12 T3.6 FHoop Bracing'!$F$2="tubing Only","",'T3.12 T3.6 FHoop Bracing'!$E$5) -> Steel | AD34: =IF('T3.12 T3.6 FHoop Bracing'!$F$2="tubing Only","",'T3.12 T3.6 FHoop Bracing'!$E$6) -> Round | AE34: =IF('T3.12 T3.6 FHoop Bracing'!$F$2="tubing Only","",'T3.12 T3.6 FHoop Bracing'!$E$15) -> 25.4 | AF34: =IF('T3.12 T3.6 FHoop Bracing'!$F$2="tubing Only","",'T3.12 T3.6 FHoop Bracing'!$E$16) -> 1.6 | AO34: =IF('T3.12 T3.6 FHoop Bracing'!$F$2="tubing Only","",'T3.12 T3.6 FHoop Bracing'!$F$5) -> Other 6 | AP34: =IF('T3.12 T3.6 FHoop Bracing'!$F$2="tubing Only","",'T3.12 T3.6 FHoop Bracing'!$F$18) -> 20.8 | AQ34: =IF('T3.12 T3.6 FHoop Bracing'!$F$2="tubing Only","",'T3.12 T3.6 FHoop Bracing'!$F$20) -> 1.4 | AR34: =IF('T3.12 T3.6 FHoop Bracing'!$F$2="tubing Only","",'T3.12 T3.6 FHoop Bracing'!$F$20) -> 1.4 | AS34: =IF('T3.12 T3.6 FHoop Bracing'!$F$2="tubing Only","",'T3.12 T3.6 FHoop Bracing'!$F$22) -> 41.29
A35: =IF('T3.13 T3.6 Ft Bulkhead'!F2="tubing only","N/A","NO") -> NO | C35: =IF(A35="N/A","N/A",IF(A35="YES","NO","YES")) -> YES | E35: T3.13/T3.6 | G35: Front Bulkhead - Monocoques | O35: Deltatech T800S-150-DT120-34 EF; Aramid; CP006; PAMG-XR1 5056 Aluminium Honeycomb 1/8"; 0T/45a/0a/45a/0a/45a/0a/45a/0a/45a/CP/18core/CP/45a/0a/45a/0a/45a/0a/45a/0a/45a/0T | T35: =IF($A$35="NO",'T3.13 T3.6 Ft Bulkhead'!$H30,"NA") -> 221.14986 | U35: =IF($A$35="NO",'T3.13 T3.6 Ft Bulkhead'!$H31,"NA") -> NA | V35: =IF($A$35="NO",'T3.13 T3.6 Ft Bulkhead'!$H32,"NA") -> 135.54448 | W35: =IF($A$35="NO",'T3.13 T3.6 Ft Bulkhead'!$H33,"NA") -> 113.2632 | X35: =IF($A$35="NO",'T3.13 T3.6 Ft Bulkhead'!$H34,"NA") -> 229.6726 | Y35: =IF($A$35="NO",'T3.13 T3.6 Ft Bulkhead'!$H35,"NA") -> 137.80356 | Z35: =IF($A$35="NO",'T3.13 T3.6 Ft Bulkhead'!$H36,"NA") -> 428.73535 | AA35: =IF($A$35="NO",'T3.13 T3.6 Ft Bulkhead'!$H37,"NA") -> 45.218207 | AB35: =IF($A$35="NO",'T3.13 T3.6 Ft Bulkhead'!$H38,"NA") -> 831.17395 | AC35: =IF('T3.13 T3.6 Ft Bulkhead'!$F$2="tubes + Composite",'T3.13 T3.6 Ft Bulkhead'!$E$5,"") | AD35: =IF('T3.13 T3.6 Ft Bulkhead'!$F$2="tubes + composite",'T3.13 T3.6 Ft Bulkhead'!$E$6,"") | AE35: =IF('T3.13 T3.6 Ft Bulkhead'!$F$2="tubes + composite",'T3.13 T3.6 Ft Bulkhead'!$E$18,"") | AF35: =IF('T3.13 T3.6 Ft Bulkhead'!$F$2="tubes + composite",'T3.13 T3.6 Ft Bulkhead'!$E$19,"") | AO35: =IF('T3.13 T3.6 Ft Bulkhead'!$F$2="tubing only","",'T3.13 T3.6 Ft Bulkhead'!$F$5) -> Other 2 | AP35: =IF('T3.13 T3.6 Ft Bulkhead'!$F$2="tubing only","",'T3.13 T3.6 Ft Bulkhead'!$F$21) -> 23.5 | AQ35: =IF('T3.13 T3.6 Ft Bulkhead'!$F$2="tubing only","",'T3.13 T3.6 Ft Bulkhead'!$F$23) -> 2.75 | AR35: =IF('T3.13 T3.6 Ft Bulkhead'!$F$2="tubing only","",'T3.13 T3.6 Ft Bulkhead'!$F$24) -> 2.75 | AS35: =IF('T3.13 T3.6 Ft Bulkhead'!$F$2="tubing only","",'T3.13 T3.6 Ft Bulkhead'!$F$25) -> 96.42
A36: =IF('T3.14 T3.6 FBH Spt Structure'!F2="tubing only","N/A","NO") -> NO | C36: =IF(A36="N/A","N/A",IF(A36="YES","NO","YES")) -> YES | E36: T3.14/T3.6 | G36: Front Bulkhead Support - Monocoques | O36: Deltatech GG200T(M40J)-DT120-42 (fabric); Deltatech M40J-200-DT120-36; CP006; PAMG-XR1 5056 Aluminium Honeycomb 1/8";45f/-20M/0M/20M/0M/45f/0f/CP/18core/CP/0f/45f/0M/20M/0M/-20M/45f | T36: =IF($A$36="NO",'T3.14 T3.6 FBH Spt Structure'!$K$27,"NA") -> 165.74787 | U36: =IF($A$36="NO",'T3.14 T3.6 FBH Spt Structure'!$K$28,"NA") -> NA | V36: =IF($A$36="NO",'T3.14 T3.6 FBH Spt Structure'!$K$29,"NA") -> 344.70005 | W36: =IF($A$36="NO",'T3.14 T3.6 FBH Spt Structure'!$K$30,"NA") -> 288.03703 | X36: =IF($A$36="NO",'T3.14 T3.6 FBH Spt Structure'!$K$31,"NA") -> 584.07509 | Y36: =IF($A$36="NO",'T3.14 T3.6 FBH Spt Structure'!$K$32,"NA") -> 350.44505 | Z36: =IF($A$36="NO",'T3.14 T3.6 FBH Spt Structure'!$K$33,"NA") -> 451.70179 | AA36: =IF($A$36="NO",'T3.14 T3.6 FBH Spt Structure'!$K$34,"NA") -> 60.3326 | AB36: =IF($A$36="NO",'T3.14 T3.6 FBH Spt Structure'!$K$35,"NA") -> 1230.9932 | AC36: =IF('T3.14 T3.6 FBH Spt Structure'!$F$2="Tubes + composite",'T3.14 T3.6 FBH Spt Structure'!$E$5,"") | AD36: =IF('T3.14 T3.6 FBH Spt Structure'!$F$2="Tubes + composite",'T3.14 T3.6 FBH Spt Structure'!$E$6,"") | AE36: =IF('T3.14 T3.6 FBH Spt Structure'!$F$2="Tubes + composite",'T3.14 T3.6 FBH Spt Structure'!$E$15,"") | AF36: =IF('T3.14 T3.6 FBH Spt Structure'!$F$2="Tubes + composite",'T3.14 T3.6 FBH Spt Structure'!$E$16,"") | AG36: =IF('T3.14 T3.6 FBH Spt Structure'!$F$2="Tubes + composite",IF('T3.14 T3.6 FBH Spt Structure'!$F$14>0,'T3.14 T3.6 FBH Spt Structure'!$F$5,""),"") | AH36: =IF('T3.14 T3.6 FBH Spt Structure'!$F$2="Tubes + composite",IF('T3.14 T3.6 FBH Spt Structure'!$F$14>0,'T3.14 T3.6 FBH Spt Structure'!$F$6,""),"") | AI36: =IF('T3.14 T3.6 FBH Spt Structure'!$F$2="Tubes + composite",IF('T3.14 T3.6 FBH Spt Structure'!$F$14>0,'T3.14 T3.6 FBH Spt Structure'!$F$15,""),"") | AJ36: =IF('T3.14 T3.6 FBH Spt Structure'!$F$2="Tubes + composite",IF('T3.14 T3.6 FBH Spt Structure'!$F$14>0,'T3.14 T3.6 FBH Spt Structure'!$F$16,""),"") | AK36: =IF('T3.14 T3.6 FBH Spt Structure'!$F$2="Tubes + composite",IF('T3.14 T3.6 FBH Spt Structure'!$G$14>0,'T3.14 T3.6 FBH Spt Structure'!$G$5,""),"") | AL36: =IF('T3.14 T3.6 FBH Spt Structure'!$F$2="Tubes + composite",IF('T3.14 T3.6 FBH Spt Structure'!$G$14>0,'T3.14 T3.6 FBH Spt Structure'!$G$6,""),"") | AM36: =IF('T3.14 T3.6 FBH Spt Structure'!$F$2="Tubes + composite",IF('T3.14 T3.6 FBH Spt Structure'!$G$14>0,'T3.14 T3.6 FBH Spt Structure'!$G$15,""),"") | AN36: =IF('T3.14 T3.6 FBH Spt Structure'!$F$2="Tubes + composite",IF('T3.14 T3.6 FBH Spt Structure'!$G$14>0,'T3.14 T3.6 FBH Spt Structure'!$G$16,""),"") | AO36: =IF('T3.14 T3.6 FBH Spt Structure'!$F$2="tubing only","",'T3.14 T3.6 FBH Spt Structure'!$I$5) -> Other 1 | AP36: =IF('T3.14 T3.6 FBH Spt Structure'!$F$2="tubing only","",'T3.14 T3.6 FBH Spt Structure'!$I$18) -> 20.8 | AQ36: =IF('T3.14 T3.6 FBH Spt Structure'!$F$2="tubing only","",'T3.14 T3.6 FBH Spt Structure'!$I$20) -> 1.4 | AR36: =IF('T3.14 T3.6 FBH Spt Structure'!$F$2="tubing only","",'T3.14 T3.6 FBH Spt Structure'!$I$21) -> 1.4 | AS36: =IF('T3.14 T3.6 FBH Spt Structure'!$F$2="tubing only","",'T3.14 T3.6 FBH Spt Structure'!$I$22) -> 279.4
A37: =IF('T3.15 T3.6 SIS'!F2="tubing only","N/A","NO") -> NO | C37: =IF(A37="N/A","N/A",IF(A37="YES","NO","YES")) -> YES | E37: T3.15/T3.6 | G37: Side Impact Structure - Monocoques, Side | O37: Deltatech GG285P(T700)-DT120-40 (fabric); Deltatech M40J-200-DT120-36; CP006; PAMG-XR1 5056 Aluminium Honeycomb 1/8"; 45f/-20M/0M/20M/0M/45f/0f/CP/18core/CP/0f/45f/0M/20M/0M/-20M/45f | T37: =IF($A$37="NO",'T3.15 T3.6 SIS'!$L$27,"NA") -> 103.50175 | U37: =IF($A$37="NO",'T3.15 T3.6 SIS'!$L$28,"NA") -> NA | V37: =IF($A$37="NO",'T3.15 T3.6 SIS'!$L$29,"NA") -> NA | W37: =IF($A$37="NO",'T3.15 T3.6 SIS'!$L$30,"NA") -> NA | X37: =IF($A$37="NO",'T3.15 T3.6 SIS'!$L$31,"NA") -> NA | Y37: =IF($A$37="NO",'T3.15 T3.6 SIS'!$L$32,"NA") -> NA | Z37: =IF($A$37="NO",'T3.15 T3.6 SIS'!$L$33,"NA") -> NA | AA37: =IF($A$37="NO",'T3.15 T3.6 SIS'!$L$34,"NA") -> NA | AB37: =IF($A$37="NO",'T3.15 T3.6 SIS'!$L$35,"NA") -> 100.00402 | AC37: =IF('T3.15 T3.6 SIS'!$F$2="tubes + composite",'T3.15 T3.6 SIS'!$E$5,"") | AD37: =IF('T3.15 T3.6 SIS'!$F$2="tubes + composite",'T3.15 T3.6 SIS'!$E$6,"") | AE37: =IF('T3.15 T3.6 SIS'!$F$2="tubes + composite",'T3.15 T3.6 SIS'!$E$15,"") | AF37: =IF('T3.15 T3.6 SIS'!$F$2="tubes + composite",'T3.15 T3.6 SIS'!$E$16,"") | AG37: =IF('T3.15 T3.6 SIS'!$F$2="tubes + composite",IF('T3.15 T3.6 SIS'!$F$14>0,'T3.15 T3.6 SIS'!$F$5,""),"") | AH37: =IF('T3.15 T3.6 SIS'!$F$2="tubes + composite",IF('T3.15 T3.6 SIS'!$F$14>0,'T3.15 T3.6 SIS'!$F$6,""),"") | AI37: =IF('T3.15 T3.6 SIS'!$F$2="tubes + composite",IF('T3.15 T3.6 SIS'!$F$14>0,'T3.15 T3.6 SIS'!$F$15,""),"") | AJ37: =IF('T3.15 T3.6 SIS'!$F$2="tubes + composite",IF('T3.15 T3.6 SIS'!$F$14>0,'T3.15 T3.6 SIS'!$F$16,""),"") | AK37: =IF('T3.15 T3.6 SIS'!$F$2="tubes + composite",IF('T3.15 T3.6 SIS'!$G$14>0,'T3.15 T3.6 SIS'!$G$5,""),"") | AL37: =IF('T3.15 T3.6 SIS'!$F$2="tubes + composite",IF('T3.15 T3.6 SIS'!$G$14>0,'T3.15 T3.6 SIS'!$G$6,""),"") | AM37: =IF('T3.15 T3.6 SIS'!$F$2="tubes + composite",IF('T3.15 T3.6 SIS'!$G$14>0,'T3.15 T3.6 SIS'!$G$15,""),"") | AN37: =IF('T3.15 T3.6 SIS'!$F$2="tubes + composite",IF('T3.15 T3.6 SIS'!$G$14>0,'T3.15 T3.6 SIS'!$G$16,""),"") | AO37: =IF('T3.15 T3.6 SIS'!$F$2="Tubing only","",'T3.15 T3.6 SIS'!$I$5) -> Composite 1 | AP37: =IF('T3.15 T3.6 SIS'!$F$2="Tubing only","",'T3.15 T3.6 SIS'!$I$18) -> 20.8 | AQ37: =IF('T3.15 T3.6 SIS'!$F$2="Tubing only","",'T3.15 T3.6 SIS'!$I$20) -> 1.4 | AR37: =IF('T3.15 T3.6 SIS'!$F$2="Tubing only","",'T3.15 T3.6 SIS'!$I$21) -> 1.4 | AS37: =IF('T3.15 T3.6 SIS'!$F$2="Tubing only","",'T3.15 T3.6 SIS'!$I$22) -> 193.32
A38: =IF('T3.15 T3.6 SIS'!F2="tubing only","N/A","NO") -> NO | C38: =IF(A38="N/A","N/A",IF(A38="YES","NO","YES")) -> YES | E38: T3.15/T3.6 | G38: Side Impact Structure - Monocoques, Floor | O38: Deltatech GG200T(M40J)-DT120-42 (fabric); Deltatech M40J-200-DT120-36; CP006; PAMG-XR1 5056 Aluminium Honeycomb 1/8"; 45f/0M/0M/0M/0M/45f/CP/10core/CP/45f/21M/0M/-21M/0M/45f | AO38: =IF('T3.15 T3.6 SIS'!$F$2="Tubing only","",'T3.15 T3.6 SIS'!$J$5) -> Other 3 | AP38: =IF('T3.15 T3.6 SIS'!$F$2="Tubing only","",'T3.15 T3.6 SIS'!$J$18) -> 12.3 | AQ38: =IF('T3.15 T3.6 SIS'!$F$2="Tubing only","",'T3.15 T3.6 SIS'!$J$20) -> 1.15 | AR38: =IF('T3.15 T3.6 SIS'!$F$2="Tubing only","",'T3.15 T3.6 SIS'!$J$21) -> 1.15 | AS38: =IF('T3.15 T3.6 SIS'!$F$2="Tubing only","",'T3.15 T3.6 SIS'!$J$22) -> 202
A39: =IF('T3.11.5 T3.6 MHoop Brace Spt'!F2="tubing only","N/A","NO") -> NO | C39: =IF(A39="N/A","N/A",IF(A39="YES","NO","YES")) -> YES | E39: T3.11.5/T3.6 | G39: Main Hoop Bracing Support - Monocoques | O39: See SHB layup | T39: =IF(A39="NO",'T3.11.5 T3.6 MHoop Brace Spt'!$H$27,"NA") -> 131.87544 | U39: =IF(A39="NO",'T3.11.5 T3.6 MHoop Brace Spt'!$H$28,"NA") -> NA | V39: =IF(A39="NO",'T3.11.5 T3.6 MHoop Brace Spt'!$H$29,"NA") -> 273.37583 | W39: =IF(A39="NO",'T3.11.5 T3.6 MHoop Brace Spt'!$H$30,"NA") -> 228.43734 | X39: =IF(A39="NO",'T3.11.5 T3.6 MHoop Brace Spt'!$H$31,"NA") -> 463.22016 | Y39: =IF(A39="NO",'T3.11.5 T3.6 MHoop Brace Spt'!$H$32,"NA") -> 277.93209 | Z39: =IF(A39="NO",'T3.11.5 T3.6 MHoop Brace Spt'!$H$33,"NA") -> 357.07154 | AA39: =IF(A39="NO",'T3.11.5 T3.6 MHoop Brace Spt'!$H$34,"NA") -> 75.829133 | AB39: =IF(A39="NO",'T3.11.5 T3.6 MHoop Brace Spt'!$H$35,"NA") -> 966.82211 | AC39: =IF(A39="N/A","",IF('T3.11.5 T3.6 MHoop Brace Spt'!$F$2="tubes + composite",'T3.11.5 T3.6 MHoop Brace Spt'!E5,"")) | AD39: =IF(A39="N/A","",IF('T3.11.5 T3.6 MHoop Brace Spt'!$F$2="tubes + composite",'T3.11.5 T3.6 MHoop Brace Spt'!$E$6,"")) | AE39: =IF(A39="N/A","",IF('T3.11.5 T3.6 MHoop Brace Spt'!$F$2="tubes + composite",'T3.11.5 T3.6 MHoop Brace Spt'!$E$15,"")) | AF39: =IF(A39="N/A","",IF('T3.11.5 T3.6 MHoop Brace Spt'!$F$2="tubes + composite",'T3.11.5 T3.6 MHoop Brace Spt'!$E$16,"")) | AO39: =IF('T3.11.5 T3.6 MHoop Brace Spt'!F2="tubing only","",'T3.11.5 T3.6 MHoop Brace Spt'!F5) -> Other 4 | AP39: =IF('T3.11.5 T3.6 MHoop Brace Spt'!F2="tubing only","",'T3.11.5 T3.6 MHoop Brace Spt'!F18) -> 20 | AQ39: =IF('T3.11.5 T3.6 MHoop Brace Spt'!$F$2="tubing only","",'T3.11.5 T3.6 MHoop Brace Spt'!$F$20) -> 1 | AR39: =IF('T3.11.5 T3.6 MHoop Brace Spt'!$F$2="tubing only","",'T3.11.5 T3.6 MHoop Brace Spt'!$F$21) -> 1 | AS39: =IF('T3.11.5 T3.6 MHoop Brace Spt'!F2="tubing only","",'T3.11.5 T3.6 MHoop Brace Spt'!F22) -> 158.1
A40: =IF(A37="no","NO","N/A") -> NO | C40: =IF(A40="N/A","N/A",IF(A40="YES","NO","YES")) -> YES | E40: T3.16 | G40: Main Hoop & MH Bracing Attachments | O40: See SIS layup | T40: =IF(A40="N/A","NA",IF(OR('T3.16 MH & MH Bing Attachments'!C8="FAIL",'T3.16 MH & MH Bing Attachments'!E8="FAIL",'T3.16 MH & MH Bing Attachments'!I8="FAIL",'T3.16 MH & MH Bing Attachments'!K8="FAIL"),"FA","PA")) -> PA
A41: =IF(A36="no","NO","N/A") -> NO | C41: =IF(A41="N/A","N/A",IF(A41="YES","NO","YES")) -> YES | E41: T3.16 | G41: Front Hoop & FH Bracing Attachments | O41: See FBHS/ FHB layup | T41: =IF('T3.16 FH & FH Bing Attachments'!C3=0,"CH",IF(A41="N/A","NA",IF(OR('T3.16 FH & FH Bing Attachments'!C8="FAIL",'T3.16 FH & FH Bing Attachments'!E8="FAIL",'T3.16 FH & FH Bing Attachments'!I8="FAIL",'T3.16 FH & FH Bing Attachments'!K8="FAIL"),"FA","PA"))) -> CH
A42: =IF(OR('T4.5 Harness Attachments'!Q34="YES",'T4.5 Harness Attachments'!Q35="YES",'T4.5 Harness Attachments'!Q36="YES",'T4.5 Harness Attachments'!Q37="YES"),"NO","N/A") -> NO | C42: =IF(A42="N/A","N/A",IF(A42="YES","NO","YES")) -> YES | E42: T4.5 | G42: Safety Harness Attachment | O42: See MHBS for Shoulder Harness; See SIS Floor for Anti Submarine; 45f/-20M/0M/20M/0M/45z/cp/18core/cp/45z/0M/20M/0M/-20M/45f; 45f/0M/0M/0M/0M/45f/CP/10core/CP/45f/21M/0M/-21M/0M/45f | T42: =IF(A42="N/A","NA",IF('T4.5 Harness Attachments'!A35="PASS","PA","FA")) -> PA
A43: N/A | C43: N/A | E43: T3.16.6/T3.17.5 | G43: Attachment Plates/Panels - Monocoques | O43: See AIP and ACP | T43: =IF(A43="N/A","NA",IF('T3.16.6&3.17.5 Prim.Struc.Att.'!C24="FAIL","FA","PA")) -> NA
A44: N/A | C44: N/A | E44: T3.16.7 | G44: Blind Insert Attachments | T44: {=_xlfn.IFS(AND('T3.16.7 Prim.Struct.Att. Blind'!G38="N/A",'T3.16.7 Prim.Struct.Att. Blind'!AA38="N/A"),"NA",AND('T3.16.7 Prim.Struct.Att. Blind'!G38="PASS",'T3.16.7 Prim.Struct.Att. Blind'!AA38="PASS"),"PA",TRUE,"FA")} -> PA
A45: N/A | C45: N/A | E45: EV5.5.8/14 | G45: EV5.5.8 TSAC attachments | O45: See Layup SIS floor and ACP
A46: N/A | C46: N/A | E46: T1.2.1/T4.8 | G46: Firewall | O46: Aramide 158 tex/Epoxy resin SR 1126/0,5mm Alu | T46: =IF('T1.2.1 T4.6 T4.8 Firewall'!D3="PASS","PA","FA") -> PA
A47: =IF(NOT('EV5.5.1&2 EV4.4 ACPS TSPS Side'!F2="tubing only"),"NO",IF('EV5.5.1&2 EV4.4 ACPS TSPS Side'!G17="YES","YES","NO")) -> NO | C47: =IF(A47="N/A","N/A",IF(A47="YES","NO","YES")) -> YES | E47: EV4.4/EV5.5 | G47: =IF(D17="electric vehicle","Accumulator&Tractive System Protection Side","N/A") -> Accumulator&Tractive System Protection Side | O47: See SIS Side layup | T47: =IF($A$47="NO",'EV5.5.1&2 EV4.4 ACPS TSPS Side'!$L$27,"NA") -> 134.10134 | U47: =IF($A$47="NO",'EV5.5.1&2 EV4.4 ACPS TSPS Side'!$L$28,"NA") -> NA | V47: =IF($A$47="NO",'EV5.5.1&2 EV4.4 ACPS TSPS Side'!$L$29,"NA") -> NA | W47: =IF($A$47="NO",'EV5.5.1&2 EV4.4 ACPS TSPS Side'!$L$30,"NA") -> NA | X47: =IF($A$47="NO",'EV5.5.1&2 EV4.4 ACPS TSPS Side'!$L$31,"NA") -> NA | Y47: =IF($A$47="NO",'EV5.5.1&2 EV4.4 ACPS TSPS Side'!$L$32,"NA") -> NA | Z47: =IF($A$47="NO",'EV5.5.1&2 EV4.4 ACPS TSPS Side'!$L$33,"NA") -> NA | AA47: =IF($A$47="NO",'EV5.5.1&2 EV4.4 ACPS TSPS Side'!$L$34,"NA") -> NA | AB47: =IF($A$47="NO",'EV5.5.1&2 EV4.4 ACPS TSPS Side'!$L$35,"NA") -> NA | AC47: =IF('EV5.5.1&2 EV4.4 ACPS TSPS Side'!$F$2="tubing only",'EV5.5.1&2 EV4.4 ACPS TSPS Side'!$E$5,"") | AD47: =IF('EV5.5.1&2 EV4.4 ACPS TSPS Side'!$F$2="tubing only",'EV5.5.1&2 EV4.4 ACPS TSPS Side'!$E$6,"") | AE47: =IF('EV5.5.1&2 EV4.4 ACPS TSPS Side'!$F$2="tubing only",'EV5.5.1&2 EV4.4 ACPS TSPS Side'!$E$15,"") | AF47: =IF('EV5.5.1&2 EV4.4 ACPS TSPS Side'!$F$2="tubing only",'EV5.5.1&2 EV4.4 ACPS TSPS Side'!$E$16,"") | AG47: =IF('EV5.5.1&2 EV4.4 ACPS TSPS Side'!$F$2="tubing only",IF('EV5.5.1&2 EV4.4 ACPS TSPS Side'!$F$14>0,'EV5.5.1&2 EV4.4 ACPS TSPS Side'!$F$5,""),"") | AH47: =IF('EV5.5.1&2 EV4.4 ACPS TSPS Side'!$F$2="tubing only",IF('EV5.5.1&2 EV4.4 ACPS TSPS Side'!$F$14>0,'EV5.5.1&2 EV4.4 ACPS TSPS Side'!$F$6,""),"") | AI47: =IF('EV5.5.1&2 EV4.4 ACPS TSPS Side'!$F$2="tubing only",IF('EV5.5.1&2 EV4.4 ACPS TSPS Side'!$F$14>0,'EV5.5.1&2 EV4.4 ACPS TSPS Side'!$F$15,""),"") | AJ47: =IF('EV5.5.1&2 EV4.4 ACPS TSPS Side'!$F$2="tubing only",IF('EV5.5.1&2 EV4.4 ACPS TSPS Side'!$F$14>0,'EV5.5.1&2 EV4.4 ACPS TSPS Side'!$F$16,""),"") | AK47: =IF('EV5.5.1&2 EV4.4 ACPS TSPS Side'!$F$2="tubing only",IF('EV5.5.1&2 EV4.4 ACPS TSPS Side'!$G$14>0,'EV5.5.1&2 EV4.4 ACPS TSPS Side'!$G$5,""),"") | AL47: =IF('EV5.5.1&2 EV4.4 ACPS TSPS Side'!$F$2="tubing only",IF('EV5.5.1&2 EV4.4 ACPS TSPS Side'!$G$14>0,'EV5.5.1&2 EV4.4 ACPS TSPS Side'!$G$6,""),"") | AM47: =IF('EV5.5.1&2 EV4.4 ACPS TSPS Side'!$F$2="tubing only",IF('EV5.5.1&2 EV4.4 ACPS TSPS Side'!$G$14>0,'EV5.5.1&2 EV4.4 ACPS TSPS Side'!$G$15,""),"") | AN47: =IF('EV5.5.1&2 EV4.4 ACPS TSPS Side'!$F$2="tubing only",IF('EV5.5.1&2 EV4.4 ACPS TSPS Side'!$G$14>0,'EV5.5.1&2 EV4.4 ACPS TSPS Side'!$G$16,""),"") | AO47: =IF('EV5.5.1&2 EV4.4 ACPS TSPS Side'!$F$2="Tubing only","",'EV5.5.1&2 EV4.4 ACPS TSPS Side'!$I$5) -> Other 7 | AP47: =IF('EV5.5.1&2 EV4.4 ACPS TSPS Side'!$F$2="Tubing only","",'EV5.5.1&2 EV4.4 ACPS TSPS Side'!$I$18) -> 20.8 | AQ47: =IF('EV5.5.1&2 EV4.4 ACPS TSPS Side'!$F$2="Tubing only","",'EV5.5.1&2 EV4.4 ACPS TSPS Side'!$I$20) -> 1.4 | AR47: =IF('EV5.5.1&2 EV4.4 ACPS TSPS Side'!$F$2="Tubing only","",'EV5.5.1&2 EV4.4 ACPS TSPS Side'!$I$21) -> 1.4 | AS47: =IF('EV5.5.1&2 EV4.4 ACPS TSPS Side'!$F$2="Tubing only","",'EV5.5.1&2 EV4.4 ACPS TSPS Side'!$I$22) -> 273.4
A48: =IF(NOT('EV5.5.1&2 EV4.4 ACPS TSPS Rear'!F2="tubing only"),"NO",IF('EV5.5.1&2 EV4.4 ACPS TSPS Rear'!G17="YES","YES","NO")) -> NO | C48: =IF(A48="N/A","N/A",IF(A48="YES","NO","YES")) -> YES | E48: EV4.4/EV5.5 | G48: =IF(D17="electric vehicle","Accumulator&Tractive System Protection Rear","N/A") -> Accumulator&Tractive System Protection Rear | O48: Deltatech GG200T(M40J)-DT120-42 (fabric); Deltatech M40J-200-DT120-36; CP006; PAMG-XR1 5056 Aluminium Honeycomb 1/8"; 45f/-20M/0M/20M/0M/45f/0f/CP/18core/CP/0f/45f/0M/20M/0M/-20M/45f | T48: =IF($A$47="NO",'EV5.5.1&2 EV4.4 ACPS TSPS Rear'!$L$27,"NA") -> 117.20896 | U48: =IF($A$47="NO",'EV5.5.1&2 EV4.4 ACPS TSPS Rear'!$L$28,"NA") -> NA | V48: =IF($A$47="NO",'EV5.5.1&2 EV4.4 ACPS TSPS Rear'!$L$29,"NA") -> NA | W48: =IF($A$47="NO",'EV5.5.1&2 EV4.4 ACPS TSPS Rear'!$L$30,"NA") -> NA | X48: =IF($A$47="NO",'EV5.5.1&2 EV4.4 ACPS TSPS Rear'!$L$31,"NA") -> NA | Y48: =IF($A$47="NO",'EV5.5.1&2 EV4.4 ACPS TSPS Rear'!$L$32,"NA") -> NA | Z48: =IF($A$47="NO",'EV5.5.1&2 EV4.4 ACPS TSPS Rear'!$L$33,"NA") -> NA | AA48: =IF($A$47="NO",'EV5.5.1&2 EV4.4 ACPS TSPS Rear'!$L$34,"NA") -> NA | AB48: =IF($A$47="NO",'EV5.5.1&2 EV4.4 ACPS TSPS Rear'!$L$35,"NA") -> NA | AC48: =IF('EV5.5.1&2 EV4.4 ACPS TSPS Rear'!$F$2="tubing only",'EV5.5.1&2 EV4.4 ACPS TSPS Rear'!$E$5,"") | AD48: =IF('EV5.5.1&2 EV4.4 ACPS TSPS Rear'!$F$2="tubing only",'EV5.5.1&2 EV4.4 ACPS TSPS Rear'!$E$6,"") | AE48: =IF('EV5.5.1&2 EV4.4 ACPS TSPS Rear'!$F$2="tubing only",'EV5.5.1&2 EV4.4 ACPS TSPS Rear'!$E$15,"") | AF48: =IF('EV5.5.1&2 EV4.4 ACPS TSPS Rear'!$F$2="tubing only",'EV5.5.1&2 EV4.4 ACPS TSPS Rear'!$E$16,"") | AG48: =IF('EV5.5.1&2 EV4.4 ACPS TSPS Rear'!$F$2="tubing only",IF('EV5.5.1&2 EV4.4 ACPS TSPS Rear'!$F$14>0,'EV5.5.1&2 EV4.4 ACPS TSPS Rear'!$F$5,""),"") | AH48: =IF('EV5.5.1&2 EV4.4 ACPS TSPS Rear'!$F$2="tubing only",IF('EV5.5.1&2 EV4.4 ACPS TSPS Rear'!$F$14>0,'EV5.5.1&2 EV4.4 ACPS TSPS Rear'!$F$6,""),"") | AI48: =IF('EV5.5.1&2 EV4.4 ACPS TSPS Rear'!$F$2="tubing only",IF('EV5.5.1&2 EV4.4 ACPS TSPS Rear'!$F$14>0,'EV5.5.1&2 EV4.4 ACPS TSPS Rear'!$F$15,""),"") | AJ48: =IF('EV5.5.1&2 EV4.4 ACPS TSPS Rear'!$F$2="tubing only",IF('EV5.5.1&2 EV4.4 ACPS TSPS Rear'!$F$14>0,'EV5.5.1&2 EV4.4 ACPS TSPS Rear'!$F$16,""),"") | AK48: =IF('EV5.5.1&2 EV4.4 ACPS TSPS Rear'!$F$2="tubing only",IF('EV5.5.1&2 EV4.4 ACPS TSPS Rear'!$G$14>0,'EV5.5.1&2 EV4.4 ACPS TSPS Rear'!$G$5,""),"") | AL48: =IF('EV5.5.1&2 EV4.4 ACPS TSPS Rear'!$F$2="tubing only",IF('EV5.5.1&2 EV4.4 ACPS TSPS Rear'!$G$14>0,'EV5.5.1&2 EV4.4 ACPS TSPS Rear'!$G$6,""),"") | AM48: =IF('EV5.5.1&2 EV4.4 ACPS TSPS Rear'!$F$2="tubing only",IF('EV5.5.1&2 EV4.4 ACPS TSPS Rear'!$G$14>0,'EV5.5.1&2 EV4.4 ACPS TSPS Rear'!$G$15,""),"") | AN48: =IF('EV5.5.1&2 EV4.4 ACPS TSPS Rear'!$F$2="tubing only",IF('EV5.5.1&2 EV4.4 ACPS TSPS Rear'!$G$14>0,'EV5.5.1&2 EV4.4 ACPS TSPS Rear'!$G$16,""),"") | AO48: =IF('EV5.5.1&2 EV4.4 ACPS TSPS Rear'!$F$2="Tubing only","",'EV5.5.1&2 EV4.4 ACPS TSPS Rear'!$I$5) -> Other 8 | AP48: =IF('EV5.5.1&2 EV4.4 ACPS TSPS Rear'!$F$2="Tubing only","",'EV5.5.1&2 EV4.4 ACPS TSPS Rear'!$I$18) -> 22.7 | AQ48: =IF('EV5.5.1&2 EV4.4 ACPS TSPS Rear'!$F$2="Tubing only","",'EV5.5.1&2 EV4.4 ACPS TSPS Rear'!$I$20) -> 2.35 | AR48: =IF('EV5.5.1&2 EV4.4 ACPS TSPS Rear'!$F$2="Tubing only","",'EV5.5.1&2 EV4.4 ACPS TSPS Rear'!$I$21) -> 2.35 | AS48: =IF('EV5.5.1&2 EV4.4 ACPS TSPS Rear'!$F$2="Tubing only","",'EV5.5.1&2 EV4.4 ACPS TSPS Rear'!$I$22) -> 247.5
A49: Attachment Checklist (make sure all are included in your report)
A50: =IF(OR($T50="YES",$T50="N/A"),"P","F") -> P | B50: Receipt, data sheets or proof for Alternative Materials (T3.3) or for non-steel materials (composite, honeycomb, resin, etc) | T50: Yes
A51: =IF(OR($T51="YES",$T51="N/A"),"P","F") -> P | B51: Properties for all non-steel materials | T51: Yes
A52: =IF(OR($T52="YES",$T52="N/A"),"P","F") -> P | B52: Monocoque Laminate Test data and pictures | T52: Yes
A53: =IF(OR($T53="YES",$T53="N/A"),"P","F") -> P | B53: Holes >4mm drilled in any regulated tubing require proof of equivalency, include area and moment of inertia | T53: N/A
A54: =IF(OR($T54="YES",$T54="N/A"),"P","F") -> P | B54: LAP JOINT TEST for divided monocoque parts | T54: N/A
A56: COMPLETE APPROPRIATE TABS TO PROVE EQUIVALENCY
A57: Please see | C57: "Structural Equivalency Spreadsheet Guide" | J57: on the Read_Me tab of the SES Workbook
A59: NOTE: THIS FORM AND THE APPROVED COPY OF THE SUBMISSION MUST BE PRESENTED AT TECHNICAL INSPECTION AT EVERY FORMULA STUDENT EVENT ENTERED

Sheet Chassis Pics
A1: =CONCATENATE(Read_Me!A1," FS STRUCTURAL EQUIVALENCY SPREADSHEET (SES) ",Read_Me!B1," - COVER SHEET") -> 2026 FS STRUCTURAL EQUIVALENCY SPREADSHEET (SES) V1.3 - COVER SHEET
V2: This chart below is for laminated members of the primary structure, ACPS and TSPS only!
A3: University Name | D3: =IF('Cover Sheet'!D14:J14>0,'Cover Sheet'!D14:J14,"") -> OTH Amberg-Weiden | K3: Car No.(s) & Event(s) | O3: =IF('Cover Sheet'!O14:S14>0,'Cover Sheet'!O14:S14,"") -> FSA E32; FSG 23; FSP E23 | V3: Structure | W3: Thickness outer skin [mm] | X3: Core thickness [mm] | Y3: Thickness inner skin [mm]
A5: Please attach pictures of the frame and/or monocoque in the table below for review during the SES process. All tubes/lay-ups must be colour coded to show outer diameter and wall thickness. Three view drawings and isometric views of the structure (CAD, FEA models, etc) are acceptable. Note: Identical composite layups need the identical colour code beyond borders of their specific lamiante structure! Maybe you need to work with two picture sets (Structures & your design)
V8: MHBS | W8: ='T3.11.5 T3.6 MHoop Brace Spt'!$F$21 -> 1 | X8: ='T3.11.5 T3.6 MHoop Brace Spt'!$F$19 -> 18 | Y8: ='T3.11.5 T3.6 MHoop Brace Spt'!$F$20 -> 1
V9: FHB | W9: ='T3.12 T3.6 FHoop Bracing'!$F$21 -> 1.4 | X9: ='T3.12 T3.6 FHoop Bracing'!$F$19 -> 18 | Y9: ='T3.12 T3.6 FHoop Bracing'!$F$20 -> 1.4
A10: Images must include dimensions/labels indicating the following: | R10: Compliance shown? | V10: FBH | W10: ='T3.13 T3.6 Ft Bulkhead'!$F$24 -> 2.75 | X10: ='T3.13 T3.6 Ft Bulkhead'!$F$22 -> 18 | Y10: ='T3.13 T3.6 Ft Bulkhead'!$F$23 -> 2.75
V11: FBHS | W11: ='T3.14 T3.6 FBH Spt Structure'!$I$21 -> 1.4 | X11: ='T3.14 T3.6 FBH Spt Structure'!$I$19 -> 18 | Y11: ='T3.14 T3.6 FBH Spt Structure'!$I$20 -> 1.4
A12: Angle of main and front hoops, including angle of main hoop below upper side impact tube. | R12: Yes | V12: SIS vertical | W12: ='T3.15 T3.6 SIS'!$I$21 -> 1.4 | X12: ='T3.15 T3.6 SIS'!$I$19 -> 18 | Y12: ='T3.15 T3.6 SIS'!$I$20 -> 1.4
A13: Angle between main hoop bracing and main hoop | R13: Yes | V13: SIS horizontal | W13: ='T3.15 T3.6 SIS'!$J$21 -> 1.15 | X13: ='T3.15 T3.6 SIS'!$J$19 -> 10 | Y13: ='T3.15 T3.6 SIS'!$J$20 -> 1.15
A14: Distance from top of main hoop to main hoop brace attachment | R14: Yes | V14: SHB | W14: ='T5.5 Shoulder Harness Bar'!$F$23 -> 1 | X14: ='T5.5 Shoulder Harness Bar'!$F$21 -> 18 | Y14: ='T5.5 Shoulder Harness Bar'!$F$22 -> 1
A15: Distance from top of front hoop to front hoop brace attachment | R15: Yes | U15: pink | V15: TSPS | W15: 1.4 | X15: 18 | Y15: 1.4
A16: Outer diameter and wall thickness of all tubes / monocoque lay-up | R16: Yes | U16: blue | V16: ACPS | W16: 2.35 | X16: 18 | Y16: 2.35
A17: Compliance to T 7.3.1 - Protection of lubrication systems | R17: Yes | U17: grey | V17: TSPS Floor | W17: 0.85 | X17: 10 | Y17: 0.85
A18: Distance between front hoop braces (measured at front hoop) | R18: Yes | U18: lght pink | V18: Non SES | W18: 1 | X18: 18 | Y18: 1
A19: Teams entering cars with IC Powertrains must show the location of the fuel tank and complete filler neck inside rollover protection structure (CV2.2.2) in all images and highlight them in the colour red. | R19: N/A | V19: YourMaterial11
A20: Teams entering cars with EV Powertrains must show the location of all HV components in these images and highlight them by colouring them orange. | R20: Yes | V20: YourMaterial12
A21: Teams with breakthroughs/cutouts/holes in the laminated primary structure greater 60 mm² must show their location in these images and highlight them by colouring them purple. These breakthroughs/cutouts/holes must also be shown in the SE3D-file. | R21: Yes | V21: YourMaterial13
V22: YourMaterial14
L50: SIS Side, TSPS Side have the same layup
L51: MHBS and SHB have the same layup
B55: Areas on the monococque with the same layup
U58: We do not have any lubrication system below the line between the lowest point of the main hoop and the lowst chassis member
U59: We do not have a FH Attachment because it is laminated into the monocoque.

Sheet A2.2 First year vehicle
A1: Note that the requirements on whether a vehicle can be called 'new' have been updated (see A2.2.2 & A2.2.3)!
A2: Please select chassis type: | B2: A2.2.2 - First year vehicle
A4: First day onsite of first competition (past/future): | B4: 46229
A6: Exemption under: | B6: N/A
A8: =IF($B$2="A2.2.2 - First year vehicle", "Provide proof of newly manufactured chassis, e.g. by explaining and providing images of considerable changes to your current chassis vs. its predecessor or providing pictures of old vs. newly manufactured chassis (side by side, physically).", "Show picture of existing chassis, provide clarity on, if applicable, required changes and current state of chassis") -> Provide proof of newly manufactured chassis, e.g. by explaining and providing images of considerable changes to your current chassis vs. its predecessor or providing pictures of old vs. newly manufactured chassis (side by side, physically).
A11: New materials | B11: New materials can be seen in tab Chassis Pics
A12: New layup | B12: Due to using new materials a new layup structure was necessary
A15: Old Chassis
A32: New Chassis

Sheet MaterialData
B1: Material Data Sheet
B3: Material Spreadsheet Code | C3: Steel | D3: Steel 2 | E3: Aluminium 1 | F3: Aluminium 2 | G3: Composite 1 | H3: Other 1 | I3: Other 2 | J3: Other 3 | K3: Other 4 | L3: Other 5 | M3: Other 6 | N3: Other 7 | O3: Other 8 | P3: Other 9 | Q3: Other 10 | R3: Other 11 | S3: Other 12 | T3: Other 13 | U3: Other 14 | V3: Other 15
B4: Material name | C4: Steel | D4: Lower Grade Steel | E4: Aluminium 1 | F4: Aluminium 2 | G4: vertical SIS | H4: FBHS | I4: FBH | J4: SIS hor. | K4: MHBS Mid/low | L4: SHB | M4: FHB | N4: TSPS | O4: ACPS | P4: TSPS Floor | Q4: MH upper Attachment | R4: Non SES | T4: Your Mat.13 | U4: Your Mat.14 | V4: Your Mat.15
B5: Colour in Chassis Pics | N5: pink | O5: blue | P5: grey | Q5: dark blue | R5: light pink
B6: Youngs Modulus, E | C6: 200000000000 | D6: 1 | E6: 70000000000 | F6: 74870000000 | G6: ='T3.6 Laminate Tests'!BD57*1000000000 -> 7.0222605e+10 | H6: ='T3.6 Laminate Tests'!CA57*1000000000 -> 9.03084e+10 | I6: ='T3.6 Laminate Tests'!CU57*1000000000 -> 2.8812008e+10 | J6: ='T3.6 Laminate Tests'!DO57*1000000000 -> 1.1745457e+11 | K6: ='T3.6 Laminate Tests'!EI57*1000000000 -> 1.2365853e+11 | L6: ='T3.6 Laminate Tests'!HK57*1000000000 -> 1.0372044e+11 | M6: ='T3.6 Laminate Tests'!HK57*1000000000 -> 1.0372044e+11 | N6: ='T3.6 Laminate Tests'!FC57*1000000000 -> 7.0222605e+10 | O6: ='T3.6 Laminate Tests'!GQ57*1000000000 -> 3.475518e+10 | P6: ='T3.6 Laminate Tests'!FW57*1000000000 -> 2.1574936e+11 | Q6: 11 | R6: ='T3.6 Laminate Tests'!IY57*1000000000 -> 6.1576083e+10 | S6: 12 | T6: 10 | U6: 11 | V6: 12
B7: Yield strength, Pa | C7: 305000000 | D7: 1 | E7: 160000000 | F7: 280000000 | G7: =G8 -> 2.8784551e+08 | H7: =H8 -> 3.6781081e+08 | I7: =I8 -> 1.865214e+08 | J7: =J8 -> 4.7369603e+08 | K7: =K8 -> 4.8114344e+08 | L7: =L8 -> 3.5364777e+08 | M7: =M8 -> 3.7799075e+08 | N7: =N8 -> 2.8784551e+08 | ... R7: =R8 -> 2.6177793e+08 | S7: 12 | T7: 10 | U7: 11 | V7: 12
B8: UTS, Pa | C8: 365000000 | D8: 1 | E8: 300000000 | F8: 350000000 | G8: ='T3.6 Laminate Tests'!BD58*1000000 -> 2.8784551e+08 | H8: ='T3.6 Laminate Tests'!CA58*1000000 -> 3.6781081e+08 | I8: ='T3.6 Laminate Tests'!CU58*1000000 -> 1.865214e+08 | J8: ='T3.6 Laminate Tests'!DO58*1000000 -> 4.7369603e+08 | K8: ='T3.6 Laminate Tests'!EI58*1000000 -> 4.8114344e+08 | L8: ='T3.6 Laminate Tests'!HK58*1000000 -> 3.5364777e+08 | M8: ='T3.6 Laminate Tests'!IE58*1000000 -> 3.7799075e+08 | N8: ='T3.6 Laminate Tests'!FC58*1000000 -> 2.8784551e+08 | O8: ='T3.6 Laminate Tests'!GQ58*1000000 -> 2.1959888e+08 | P8: ='T3.6 Laminate Tests'!FW58*1000000 -> 9.2097321e+08 | Q8: ='T3.6.10 Shear Tests'!GV54*1000000 -> 2.5660535e+08 | R8: ='T3.6 Laminate Tests'!IY58*1000000 -> 2.6177793e+08 | S8: 12 | T8: 10 | U8: 11 | V8: 12
B9: Yield strength, welded, Pa | C9: 180000000 | D9: 1 | E9: 140000000 | F9: 142205333 | G9: N/A | H9: N/A | I9: N/A | J9: N/A | K9: N/A | L9: N/A | M9: N/A | N9: N/A | O9: N/A | P9: N/A | Q9: N/A | R9: N/A | S9: N/A | T9: N/A | U9: N/A | V9: N/A
B10: UTS welded, Pa | C10: 300000000 | D10: 1 | E10: 300000000 | F10: 194416580 | G10: N/A | H10: N/A | I10: N/A | J10: N/A | K10: N/A | L10: N/A | M10: N/A | N10: N/A | O10: N/A | P10: N/A | Q10: N/A | R10: N/A | S10: N/A | T10: N/A | U10: N/A | V10: N/A
B11: UTS shear, Pa | C11: =0.6*C8 -> 219000000 | D11: 1 | E11: =39554/(PI()*25*3)*10^6 -> 1.6787239e+08 | F11: =39554/(PI()*25*3)*10^6 -> 1.6787239e+08 | G11: ='T3.6.10 Shear Tests'!D54*1000000 -> 92006407 | H11: ='T3.6.10 Shear Tests'!X54*1000000 -> 1.1711194e+08 | I11: ='T3.6.10 Shear Tests'!AR54*1000000 -> 1.2756193e+08 | J11: ='T3.6.10 Shear Tests'!BL54*1000000 -> 97495938 | K11: ='T3.6.10 Shear Tests'!CF54*1000000 -> 1.0581894e+08 | L11: ='T3.6.10 Shear Tests'!FH54*1000000 -> 1.7246577e+08 | M11: ='T3.6.10 Shear Tests'!GB54*1000000 -> 95344361 | N11: ='T3.6.10 Shear Tests'!CZ54*1000000 -> 1.177682e+08 | O11: ='T3.6.10 Shear Tests'!EN54*1000000 -> 1.3402797e+08 | P11: ='T3.6.10 Shear Tests'!DT54*1000000 -> 1.6098317e+08 | Q11: 10 | R11: ='T3.6.10 Shear Tests'!HP54*1000000 -> 79301688 | S11: 12 | T11: 10 | U11: 11 | V11: 12
C13: ● Steel properties based on baseline steel and are given in Rule T3.2.4.
C14: ● Results from extra physical test required by T3.5 should be entered in the "Other x" materials column as required.
C15: ● If you are using TAB “T3.5 Different Layups” to create different/multiple composite layups other than your SIS-Layup from TAB “T3.5 Laminate Test”,
C16: you must fill out manually the columns at “Other X” in this Material Data Sheet TAB.
H20: Please use the following abbreviations for your specific lamiante structure (Other "X")
I21: Front Bulkhead -> FBH
I22: Front Bulkhead Support -> FBHS
B23: Tubing only | I23: Front Hoop Bracing -> FHB
B24: Composite only | I24: Main Hoop Bracing Support -> MHBS
B25: Tubes + composite | I25: Shoulder Harness Bar -> SHB
I26: Accumulator Container Protection Structure -> ACPS
B27: Round | I27: Tractive System Protection Structure -> TSPS
B28: Square

Sheet Metal Datasheets
A1: =CONCATENATE(Read_Me!A1," FS SES ",Read_Me!B1," - Datasheets Metal") -> 2026 FS SES V1.3 - Datasheets Metal
R2: BACK to COVER SHEET
A3: University Name | D3: =IF('Cover Sheet'!$D$14>0,'Cover Sheet'!$D$14,"") -> OTH Amberg-Weiden | I3: Car No.(s) & Event(s) | M3: =IF('Cover Sheet'!$O$14>0,'Cover Sheet'!$O$14,"") -> FSA E32; FSG 23; FSP E23
A5: Aluminum 1 | R5: ="Tensile Test - NORMAL CONDITION - "&A5 -> Tensile Test - NORMAL CONDITION - Aluminum 1 | AI5: ="Tensile Test - WELDED CONDITION - "&A5 -> Tensile Test - WELDED CONDITION - Aluminum 1 | AZ5: Aluminum 2 | BQ5: ="Tensile Test - NORMAL CONDITION - "&AZ5 -> Tensile Test - NORMAL CONDITION - Aluminum 2 | CH5: ="Tensile Test - WELDED CONDITION - "&AZ5 -> Tensile Test - WELDED CONDITION - Aluminum 2 | CY5: Main hoop tube and main hoop bracing tube; steel | DP5: ="Tensile Test - NORMAL CONDITION - "&CY5 -> Tensile Test - NORMAL CONDITION - Main hoop tube and main hoop bracing tube; steel | EG5: ="Tensile Test - WELDED CONDITION - "&CY5 -> Tensile Test - WELDED CONDITION - Main hoop tube and main hoop bracing tube; steel
A7: Material Type | I7: Aluminium | R7: Diagram Area | AI7: Diagram Area | AZ7: Material Type | BH7: Aluminium | BQ7: Diagram Area | CH7: Diagram Area | CY7: Material Type | DG7: Steel | DP7: Diagram Area | EG7: Diagram Area
A9: T 3.2.2 / T 3.2.4 baseline steel? | I9: No | AZ9: T 3.2.2 / T 3.2.4 baseline steel? | BH9: Yes | CY9: T 3.2.2 / T 3.2.4 baseline steel? | DG9: Yes
A11: Max. Element Content [%] | I11: =IF(OR(A13>0.3,C13>1.7,F13>0.6,I9="No"),"Not Baseline", "Baseline Composition") -> Not Baseline | AZ11: Max. Element Content [%] | BH11: =IF(OR(AZ13>0.3,BB13>1.7,BE13>0.6,BH9="No"),"Not Baseline", "Baseline Composition") -> Baseline Composition | CY11: Max. Element Content [%] | DG11: =IF(OR(CY13>0.3,DA13>1.7,DD13>0.6,DG9="No"),"Not Baseline", "Baseline Composition") -> Baseline Composition
A12: Carbon(C) | C12: Manganese(Mn) | F12: Other Element | AZ12: Carbon(C) | BB12: Manganese(Mn) | BE12: Other Element | CY12: Carbon(C) | DA12: Manganese(Mn) | DD12: Other Element
A13: 0.3 | C13: 1.7 | F13: 0.6 | AZ13: 0.3 | BB13: 1.7 | BE13: 0.6 | CY13: 0.3 | DA13: 1.7 | DD13: 0.6
A14: Yield Strength [N/mm²] Normal | I14: 305 | AZ14: Yield Strength [N/mm²] Normal | BH14: 305 | CY14: Yield Strength [N/mm²] Normal | DG14: 305
A16: Tensile Strength (UTS) [N/mm²] Normal | I16: 365 | AZ16: Tensile Strength (UTS) [N/mm²] Normal | BH16: 365 | CY16: Tensile Strength (UTS) [N/mm²] Normal | DG16: 365
A18: Yield Strength [N/mm²] Welded | I18: 305 | AZ18: Yield Strength [N/mm²] Welded | BH18: 305 | CY18: Yield Strength [N/mm²] Welded | DG18: 305
A20: Tensile Strength (UTS) [N/mm²] Welded | I20: 365 | AZ20: Tensile Strength (UTS) [N/mm²] Welded | BH20: 365 | CY20: Tensile Strength (UTS) [N/mm²] Welded | DG20: 365
A22: =IF(AND(I7="Steel",I9="Yes",I11="Baseline Composition"), "Baseline Steel - Data sheet only is sufficient", IF(I7="Steel", "Not Baseline - Please include data sheet and tensile test in normal condition and welded condition", "For Front Hoop: please include data sheet and tensile test in welded condition / proof for solution heat treatment and aging per T3.10.4 below")) -> For Front Hoop: please include data sheet and tensile test in welded condition / proof for solution heat treatment and aging per T3.10.4 below | R22: Elastic Modulus - Enter upper and lower elastic strains | AI22: Elastic Modulus - Enter upper and lower elastic strains | AZ22: =IF(AND(BH7="Steel",BH9="Yes",BH11="Baseline Composition"), "Baseline Steel - Data sheet only is sufficient", IF(BH7="Steel", "Not Baseline - Please include data sheet and tensile test in normal condition and welded condition", "For Front Hoop: please include data sheet and tensile test in welded condition / proof for solution heat treatment and aging per T3.10.4 below")) -> For Front Hoop: please include data sheet and tensile test in welded condition / proof for solution heat treatment and aging per T3.10.4 below | BQ22: Elastic Modulus - Enter upper and lower elastic strains | CH22: Elastic Modulus - Enter upper and lower elastic strains | CY22: =IF(AND(DG7="Steel",DG9="Yes",DG11="Baseline Composition"), "Baseline Steel - Data sheet only is sufficient", IF(DG7="Steel", "Not Baseline - Please include data sheet and tensile test in normal condition and welded condition", "For Front Hoop: please include data sheet and tensile test in welded condition / proof for solution heat treatment and aging per T3.10.4 below")) -> Baseline Steel - Data sheet only is sufficient | DP22: Elastic Modulus - Enter upper and lower elastic strains | EG22: Elastic Modulus - Enter upper and lower elastic strains
A24: Data Sheet | R24: Lower Elastic Strain [%] | W24: 0.025 | Z24: Lower Elastic Stress [N/mm²] | AE24: =IF(AD32=AE32,AF32,(AG32-AF32)/(AE32-AD32)*(W24-AD32)+AF32) -> 17.5 | AI24: Lower Elastic Strain [%] | AN24: 0.025 | AQ24: Lower Elastic Stress [N/mm²] | AV24: =IF(AU32=AV32,AW32,(AX32-AW32)/(AV32-AU32)*(AN24-AU32)+AW32) -> 17.5 | AZ24: Data Sheet | BQ24: Lower Elastic Strain [%] | BV24: 0.025 | BY24: Lower Elastic Stress [N/mm²] | CD24: =IF(CC32=CD32,CE32,(CF32-CE32)/(CD32-CC32)*(BV24-CC32)+CE32) -> 0 | CH24: Lower Elastic Strain [%] | CM24: 0.025 | CP24: Lower Elastic Stress [N/mm²] | CU24: =IF(CT32=CU32,CV32,(CW32-CV32)/(CU32-CT32)*(CM24-CT32)+CV32) -> 0 | CY24: Data Sheet | DP24: Lower Elastic Strain [%] | DU24: 0.025 | DX24: Lower Elastic Stress [N/mm²] | EC24: =IF(EB32=EC32,ED32,(EE32-ED32)/(EC32-EB32)*(DU24-EB32)+ED32) -> 0 | EG24: Lower Elastic Strain [%] | EL24: 0.025 | EO24: Lower Elastic Stress [N/mm²] | ET24: =IF(ES32=ET32,EU32,(EV32-EU32)/(ET32-ES32)*(EL24-ES32)+EU32) -> 0
R25: Upper Elastic Strain [%] | W25: 0.1 | Z25: Upper Elastic Stress [N/mm²] | AE25: =IF(AD33=AE33,AF33,(AG33-AF33)/(AE33-AD33)*(W25-AD33)+AF33) -> 70 | AI25: Upper Elastic Strain [%] | AN25: 0.1 | AQ25: Upper Elastic Stress [N/mm²] | AV25: =IF(AU33=AV33,AW33,(AX33-AW33)/(AV33-AU33)*(AN25-AU33)+AW33) -> 70 | BQ25: Upper Elastic Strain [%] | BV25: 0.1 | BY25: Upper Elastic Stress [N/mm²] | CD25: =IF(CC33=CD33,CE33,(CF33-CE33)/(CD33-CC33)*(BV25-CC33)+CE33) -> 0 | CH25: Upper Elastic Strain [%] | CM25: 0.1 | CP25: Upper Elastic Stress [N/mm²] | CU25: =IF(CT33=CU33,CV33,(CW33-CV33)/(CU33-CT33)*(CM25-CT33)+CV33) -> 0 | DP25: Upper Elastic Strain [%] | DU25: 0.1 | DX25: Upper Elastic Stress [N/mm²] | EC25: =IF(EB33=EC33,ED33,(EE33-ED33)/(EC33-EB33)*(DU25-EB33)+ED33) -> 0 | EG25: Upper Elastic Strain [%] | EL25: 0.1 | EO25: Upper Elastic Stress [N/mm²] | ET25: =IF(ES33=ET33,EU33,(EV33-EU33)/(ET33-ES33)*(EL25-ES33)+EU33) -> 0
A26: Insert image of relevant datasheet pages (name of material must be visible on the pages). | R26: Elastic Modulus [N/mm²] | W26: =(AE25-AE24)/(W25-W24)*100 -> 70000 | Z26: Yield Strength [N/mm²] | AE26: =(AG34-AF34)/(AE34-AD34)*(0.2-AD34)+AF34 -> 260.60638 | AI26: Elastic Modulus [N/mm²] | AN26: =(AV25-AV24)/(AN25-AN24)*100 -> 70000 | AQ26: Yield Strength [N/mm²] | AV26: =(AX34-AW34)/(AV34-AU34)*(0.2-AU34)+AW34 -> 260.60638 | AZ26: Insert image of relevant datasheet pages (name of material must be visible on the pages). | BQ26: Elastic Modulus [N/mm²] | BV26: =(CD25-CD24)/(BV25-BV24)*100 -> 0 | BY26: Yield Strength [N/mm²] | CD26: =(CF34-CE34)/(CD34-CC34)*(0.2-CC34)+CE34 -> #DIV/0! | CH26: Elastic Modulus [N/mm²] | CM26: =(CU25-CU24)/(CM25-CM24)*100 -> 0 | CP26: Yield Strength [N/mm²] | CU26: =(CW34-CV34)/(CU34-CT34)*(0.2-CT34)+CV34 -> #DIV/0! | CY26: Insert image of relevant datasheet pages (name of material must be visible on the pages). | DP26: Elastic Modulus [N/mm²] | DU26: =(EC25-EC24)/(DU25-DU24)*100 -> 0 | DX26: Yield Strength [N/mm²] | EC26: =(EE34-ED34)/(EC34-EB34)*(0.2-EB34)+ED34 -> #DIV/0! | EG26: Elastic Modulus [N/mm²] | EL26: =(ET25-ET24)/(EL25-EL24)*100 -> 0 | EO26: Yield Strength [N/mm²] | ET26: =(EV34-EU34)/(ET34-ES34)*(0.2-ES34)+EU34 -> #DIV/0!
A27: Highlight the relevant areas for material type, chemical composition, mechanical properties. | AZ27: Highlight the relevant areas for material type, chemical composition, mechanical properties. | CY27: Highlight the relevant areas for material type, chemical composition, mechanical properties.
R28: Tensile Strength [N/mm²] | W28: =MAX(V33:X126) -> 261.94282 | AI28: Tensile Strength [N/mm²] | AN28: =MAX(AM33:AO126) -> 261.94282 | BQ28: Tensile Strength [N/mm²] | BV28: =MAX(BU33:BW126) -> 0 | CH28: Tensile Strength [N/mm²] | CM28: =MAX(CL33:CN126) -> 0 | DP28: Tensile Strength [N/mm²] | DU28: =MAX(DT33:DV126) -> 0 | EG28: Tensile Strength [N/mm²] | EL28: =MAX(EK33:EM126) -> 0
R30: Test Data - Max. 300 data points | AI30: Test Data - Max. 300 data points | BQ30: Test Data - Max. 300 data points | CH30: Test Data - Max. 300 data points | CZ30: Main hoop | DP30: Test Data - Max. 300 data points | EG30: Test Data - Max. 300 data points
R32: Eng. Strain [%] | V32: Eng. Stress [N/mm²] | Z32: Plastic Strain [%] | AD32: =_xlfn.XLOOKUP(W24,R33:R126,R33:R126,0,-1) -> 0 | AE32: =_xlfn.XLOOKUP(W24,R33:R126,R33:R126,0,1) -> 0.025145 | AF32: =_xlfn.XLOOKUP(W24,R33:R126,V33:V126,0,-1) -> 0 | AG32: =_xlfn.XLOOKUP(W24,R33:R126,V33:V126,0,1) -> 17.6015 | AI32: Eng. Strain [%] | AM32: Eng. Stress [N/mm²] | AQ32: Plastic Strain [%] | AU32: =_xlfn.XLOOKUP(AN24,AI33:AI126,AI33:AI126,0,-1) -> 0 | AV32: =_xlfn.XLOOKUP(AN24,AI33:AI126,AI33:AI126,0,1) -> 0.025145 | AW32: =_xlfn.XLOOKUP(AN24,AI33:AI126,AM33:AM126,0,-1) -> 0 | AX32: =_xlfn.XLOOKUP(AN24,AI33:AI126,AM33:AM126,0,1) -> 17.6015 | BQ32: Eng. Strain [%] | BU32: Eng. Stress [N/mm²] | BY32: Plastic Strain [%] | CC32: =_xlfn.XLOOKUP(BV24,BQ33:BQ126,BQ33:BQ126,0,-1) -> 0 | CD32: =_xlfn.XLOOKUP(BV24,BQ33:BQ126,BQ33:BQ126,0,1) -> 0 | CE32: =_xlfn.XLOOKUP(BV24,BQ33:BQ126,BU33:BU126,0,-1) -> 0 | CF32: =_xlfn.XLOOKUP(BV24,BQ33:BQ126,BU33:BU126,0,1) -> 0 | CH32: Eng. Strain [%] | CL32: Eng. Stress [N/mm²] | CP32: Plastic Strain [%] | CT32: =_xlfn.XLOOKUP(CM24,CH33:CH126,CH33:CH126,0,-1) -> 0 | CU32: =_xlfn.XLOOKUP(CM24,CH33:CH126,CH33:CH126,0,1) -> 0 | CV32: =_xlfn.XLOOKUP(CM24,CH33:CH126,CL33:CL126,0,-1) -> 0 | CW32: =_xlfn.XLOOKUP(CM24,CH33:CH126,CL33:CL126,0,1) -> 0 | DP32: Eng. Strain [%] | DT32: Eng. Stress [N/mm²] | DX32: Plastic Strain [%] | EB32: =_xlfn.XLOOKUP(DU24,DP33:DP126,DP33:DP126,0,-1) -> 0 | EC32: =_xlfn.XLOOKUP(DU24,DP33:DP126,DP33:DP126,0,1) -> 0 | ED32: =_xlfn.XLOOKUP(DU24,DP33:DP126,DT33:DT126,0,-1) -> 0 | EE32: =_xlfn.XLOOKUP(DU24,DP33:DP126,DT33:DT126,0,1) -> 0 | EG32: Eng. Strain [%] | EK32: Eng. Stress [N/mm²] | EO32: Plastic Strain [%] | ES32: =_xlfn.XLOOKUP(EL24,EG33:EG126,EG33:EG126,0,-1) -> 0 | ET32: =_xlfn.XLOOKUP(EL24,EG33:EG126,EG33:EG126,0,1) -> 0 | EU32: =_xlfn.XLOOKUP(EL24,EG33:EG126,EK33:EK126,0,-1) -> 0 | EV32: =_xlfn.XLOOKUP(EL24,EG33:EG126,EK33:EK126,0,1) -> 0
R33: 0.025145 | V33: 17.6015 | Z33: =R33-V33/$W$26*100 -> 0 | AD33: =_xlfn.XLOOKUP(W25,R33:R126,R33:R126,0,-1) -> 0.083879 | AE33: =_xlfn.XLOOKUP(W25,R33:R126,R33:R126,0,1) -> 0.151918 | AF33: =_xlfn.XLOOKUP(W25,R33:R126,V33:V126,0,-1) -> 58.7153 | AG33: =_xlfn.XLOOKUP(W25,R33:R126,V33:V126,0,1) -> 106.3426 | AI33: 0.025145 | AM33: 17.6015 | AQ33: =AI33-AM33/$AN$26*100 -> 0 | AU33: =_xlfn.XLOOKUP(AN25,AI33:AI126,AI33:AI126,0,-1) -> 0.083879 | AV33: =_xlfn.XLOOKUP(AN25,AI33:AI126,AI33:AI126,0,1) -> 0.151918 | AW33: =_xlfn.XLOOKUP(AN25,AI33:AI126,AM33:AM126,0,-1) -> 58.7153 | AX33: =_xlfn.XLOOKUP(AN25,AI33:AI126,AM33:AM126,0,1) -> 106.3426 | BY33: =BQ33-BU33/$BV$26*100 -> #DIV/0! | CC33: =_xlfn.XLOOKUP(BV25,BQ33:BQ126,BQ33:BQ126,0,-1) -> 0 | CD33: =_xlfn.XLOOKUP(BV25,BQ33:BQ126,BQ33:BQ126,0,1) -> 0 | CE33: =_xlfn.XLOOKUP(BV25,BQ33:BQ126,BU33:BU126,0,-1) -> 0 | CF33: =_xlfn.XLOOKUP(BV25,BQ33:BQ126,BU33:BU126,0,1) -> 0 | CP33: =CH33-CL33/$CM$26*100 -> #DIV/0! | CT33: =_xlfn.XLOOKUP(CM25,CH33:CH126,CH33:CH126,0,-1) -> 0 | CU33: =_xlfn.XLOOKUP(CM25,CH33:CH126,CH33:CH126,0,1) -> 0 | CV33: =_xlfn.XLOOKUP(CM25,CH33:CH126,CL33:CL126,0,-1) -> 0 | CW33: =_xlfn.XLOOKUP(CM25,CH33:CH126,CL33:CL126,0,1) -> 0 | DX33: =DP33-DT33/$DU$26*100 -> #DIV/0! | EB33: =_xlfn.XLOOKUP(DU25,DP33:DP126,DP33:DP126,0,-1) -> 0 | EC33: =_xlfn.XLOOKUP(DU25,DP33:DP126,DP33:DP126,0,1) -> 0 | ED33: =_xlfn.XLOOKUP(DU25,DP33:DP126,DT33:DT126,0,-1) -> 0 | EE33: =_xlfn.XLOOKUP(DU25,DP33:DP126,DT33:DT126,0,1) -> 0 | EO33: =EG33-EK33/$DU$26*100 -> #DIV/0! | ES33: =_xlfn.XLOOKUP(EL25,EG33:EG126,EG33:EG126,0,-1) -> 0 | ET33: =_xlfn.XLOOKUP(EL25,EG33:EG126,EG33:EG126,0,1) -> 0 | EU33: =_xlfn.XLOOKUP(EL25,EG33:EG126,EK33:EK126,0,-1) -> 0 | EV33: =_xlfn.XLOOKUP(EL25,EG33:EG126,EK33:EK126,0,1) -> 0
R34: 0.083879 | V34: 58.7153 | Z34: =R34-V34/$W$26*100 -> 0 | AD34: =_xlfn.XLOOKUP(0.2,Z33:Z126,Z33:Z126,0,-1) -> 0.14158758 | AE34: =_xlfn.XLOOKUP(0.2,Z33:Z126,Z33:Z126,0,1) -> 0.2129564 | AF34: =_xlfn.XLOOKUP(0.2,Z33:Z126,V33:V126,0,-1) -> 260.43039 | AG34: =_xlfn.XLOOKUP(0.2,Z33:Z126,V33:V126,0,1) -> 260.64542 | AI34: 0.083879 | AM34: 58.7153 | AQ34: =AI34-AM34/$AN$26*100 -> 0 | AU34: =_xlfn.XLOOKUP(0.2,AQ33:AQ126,AQ33:AQ126,0,-1) -> 0.14158758 | AV34: =_xlfn.XLOOKUP(0.2,AQ33:AQ126,AQ33:AQ126,0,1) -> 0.2129564 | AW34: =_xlfn.XLOOKUP(0.2,AQ33:AQ126,AM33:AM126,0,-1) -> 260.43039 | AX34: =_xlfn.XLOOKUP(0.2,AQ33:AQ126,AM33:AM126,0,1) -> 260.64542 | BY34: =BQ34-BU34/$BV$26*100 -> #DIV/0! | CC34: =_xlfn.XLOOKUP(0.2,BY33:BY126,BY33:BY126,0,-1) -> 0 | CD34: =_xlfn.XLOOKUP(0.2,BY33:BY126,BY33:BY126,0,1) -> #DIV/0! | CE34: =_xlfn.XLOOKUP(0.2,BY33:BY126,BU33:BU126,0,-1) -> 0 | CF34: =_xlfn.XLOOKUP(0.2,BY33:BY126,BU33:BU126,0,1) -> 0 | CP34: =CH34-CL34/$CM$26*100 -> #DIV/0! | CT34: =_xlfn.XLOOKUP(0.2,CP33:CP126,CP33:CP126,0,-1) -> 0 | CU34: =_xlfn.XLOOKUP(0.2,CP33:CP126,CP33:CP126,0,1) -> #DIV/0! | CV34: =_xlfn.XLOOKUP(0.2,CP33:CP126,CL33:CL126,0,-1) -> 0 | CW34: =_xlfn.XLOOKUP(0.2,CP33:CP126,CL33:CL126,0,1) -> 0 | DX34: =DP34-DT34/$DU$26*100 -> #DIV/0! | EB34: =_xlfn.XLOOKUP(0.2,DX33:DX126,DX33:DX126,0,-1) -> 0 | EC34: =_xlfn.XLOOKUP(0.2,DX33:DX126,DX33:DX126,0,1) -> #DIV/0! | ED34: =_xlfn.XLOOKUP(0.2,DX33:DX126,DT33:DT126,0,-1) -> 0 | EE34: =_xlfn.XLOOKUP(0.2,DX33:DX126,DT33:DT126,0,1) -> 0 | EO34: =EG34-EK34/$DU$26*100 -> #DIV/0! | ES34: =_xlfn.XLOOKUP(0.2,EO33:EO126,EO33:EO126,0,-1) -> 0 | ET34: =_xlfn.XLOOKUP(0.2,EO33:EO126,EO33:EO126,0,1) -> #DIV/0! | EU34: =_xlfn.XLOOKUP(0.2,EO33:EO126,EK33:EK126,0,-1) -> 0 | EV34: =_xlfn.XLOOKUP(0.2,EO33:EO126,EK33:EK126,0,1) -> 0
R35: 0.151918 | V35: 106.3426 | Z35: =R35-V35/$W$26*100 -> 0 | AD35: 0.2 | AE35: 0 | AI35: 0.151918 | AM35: 106.3426 | AQ35: =AI35-AM35/$AN$26*100 -> 0 | AU35: 0.2 | AV35: 0 | BY35: =BQ35-BU35/$BV$26*100 -> #DIV/0! | CC35: 0.2 | CD35: 0 | CP35: =CH35-CL35/$CM$26*100 -> #DIV/0! | CT35: 0.2 | CU35: 0 | DX35: =DP35-DT35/$DU$26*100 -> #DIV/0! | EB35: 0.2 | EC35: 0 | EO35: =EG35-EK35/$DU$26*100 -> #DIV/0! | ES35: 0.2 | ET35: 0
R36: 0.22247 | V36: 155.729 | Z36: =R36-V36/$W$26*100 -> 0 | AD36: =AE36/W26*100 -> 0.3723 | AE36: 260.61 | AI36: 0.22247 | AM36: 155.729 | AQ36: =AI36-AM36/$AN$26*100 -> 0 | AU36: =AV36/AN26*100 -> 0.3723 | AV36: 260.61 | BY36: =BQ36-BU36/$BV$26*100 -> #DIV/0! | CC36: =CD36/BV26*100 -> #DIV/0! | CD36: 260.61 | CP36: =CH36-CL36/$CM$26*100 -> #DIV/0! | CT36: =CU36/CM26*100 -> #DIV/0! | CU36: 260.61 | DX36: =DP36-DT36/$DU$26*100 -> #DIV/0! | EB36: =EC36/DU26*100 -> #DIV/0! | EC36: 260.61 | EO36: =EG36-EK36/$DU$26*100 -> #DIV/0! | ES36: =ET36/EL26*100 -> #DIV/0! | ET36: 260.61
R37: 0.249095 | V37: 174.3665 | Z37: =R37-V37/$W$26*100 -> 0 | AD37: =AD36*1.1 -> 0.40953 | AE37: =AE36*1.1 -> 286.671 | AI37: 0.249095 | AM37: 174.3665 | AQ37: =AI37-AM37/$AN$26*100 -> 0 | AU37: =AU36*1.1 -> 0.40953 | AV37: =AV36*1.1 -> 286.671 | BY37: =BQ37-BU37/$BV$26*100 -> #DIV/0! | CC37: =CC36*1.1 -> #DIV/0! | CD37: =CD36*1.1 -> 286.671 | CP37: =CH37-CL37/$CM$26*100 -> #DIV/0! | CT37: =CT36*1.1 -> #DIV/0! | CU37: =CU36*1.1 -> 286.671 | DX37: =DP37-DT37/$DU$26*100 -> #DIV/0! | EB37: =EB36*1.1 -> #DIV/0! | EC37: =EC36*1.1 -> 286.671 | EO37: =EG37-EK37/$DU$26*100 -> #DIV/0! | ES37: =ES36*1.1 -> #DIV/0! | ET37: =ET36*1.1 -> 286.671
R38: 0.304341 | V38: 213.0387 | Z38: =R38-V38/$W$26*100 -> 0 | AI38: 0.304341 | AM38: 213.0387 | AQ38: =AI38-AM38/$AN$26*100 -> 0 | BY38: =BQ38-BU38/$BV$26*100 -> #DIV/0! | CP38: =CH38-CL38/$CM$26*100 -> #DIV/0! | DX38: =DP38-DT38/$DU$26*100 -> #DIV/0! | EO38: =EG38-EK38/$DU$26*100 -> #DIV/0!
R39: 0.371434 | V39: 260.0038 | Z39: =R39-V39/$W$26*100 -> 0 | AI39: 0.371434 | AM39: 260.0038 | AQ39: =AI39-AM39/$AN$26*100 -> 0 | BY39: =BQ39-BU39/$BV$26*100 -> #DIV/0! | CP39: =CH39-CL39/$CM$26*100 -> #DIV/0! | DX39: =DP39-DT39/$DU$26*100 -> #DIV/0! | EO39: =EG39-EK39/$DU$26*100 -> #DIV/0!
R40: 0.441955 | V40: 260.21536 | Z40: =R40-V40/$W$26*100 -> 0.070218767 | AI40: 0.441955 | AM40: 260.21536 | AQ40: =AI40-AM40/$AN$26*100 -> 0.070218767 | BY40: =BQ40-BU40/$BV$26*100 -> #DIV/0! | CP40: =CH40-CL40/$CM$26*100 -> #DIV/0! | DX40: =DP40-DT40/$DU$26*100 -> #DIV/0! | EO40: =EG40-EK40/$DU$26*100 -> #DIV/0!
R41: 0.513631 | V41: 260.43039 | Z41: =R41-V41/$W$26*100 -> 0.14158758 | AI41: 0.513631 | AM41: 260.43039 | AQ41: =AI41-AM41/$AN$26*100 -> 0.14158758 | BY41: =BQ41-BU41/$BV$26*100 -> #DIV/0! | CP41: =CH41-CL41/$CM$26*100 -> #DIV/0! | DX41: =DP41-DT41/$DU$26*100 -> #DIV/0! | EO41: =EG41-EK41/$DU$26*100 -> #DIV/0!
R42: 0.585307 | V42: 260.64542 | Z42: =R42-V42/$W$26*100 -> 0.2129564 | AI42: 0.585307 | AM42: 260.64542 | AQ42: =AI42-AM42/$AN$26*100 -> 0.2129564 | BY42: =BQ42-BU42/$BV$26*100 -> #DIV/0! | CP42: =CH42-CL42/$CM$26*100 -> #DIV/0! | DX42: =DP42-DT42/$DU$26*100 -> #DIV/0! | EO42: =EG42-EK42/$DU$26*100 -> #DIV/0!
R43: 0.657068 | V43: 260.8607 | Z43: =R43-V43/$W$26*100 -> 0.28440985 | AI43: 0.657068 | AM43: 260.8607 | AQ43: =AI43-AM43/$AN$26*100 -> 0.28440985 | BY43: =BQ43-BU43/$BV$26*100 -> #DIV/0! | CP43: =CH43-CL43/$CM$26*100 -> #DIV/0! | DX43: =DP43-DT43/$DU$26*100 -> #DIV/0! | EO43: =EG43-EK43/$DU$26*100 -> #DIV/0!
R44: 0.729239 | V44: 261.07722 | Z44: =R44-V44/$W$26*100 -> 0.35627155 | AI44: 0.729239 | AM44: 261.07722 | AQ44: =AI44-AM44/$AN$26*100 -> 0.35627155 | BY44: =BQ44-BU44/$BV$26*100 -> #DIV/0! | CP44: =CH44-CL44/$CM$26*100 -> #DIV/0! | DX44: =DP44-DT44/$DU$26*100 -> #DIV/0! | EO44: =EG44-EK44/$DU$26*100 -> #DIV/0!
R45: 0.80141 | V45: 261.29373 | Z45: =R45-V45/$W$26*100 -> 0.42813325 | AI45: 0.80141 | AM45: 261.29373 | AQ45: =AI45-AM45/$AN$26*100 -> 0.42813325 | BY45: =BQ45-BU45/$BV$26*100 -> #DIV/0! | CP45: =CH45-CL45/$CM$26*100 -> #DIV/0! | DX45: =DP45-DT45/$DU$26*100 -> #DIV/0! | EO45: =EG45-EK45/$DU$26*100 -> #DIV/0!
R46: 0.873561 | V46: 261.51018 | Z46: =R46-V46/$W$26*100 -> 0.49997503 | AI46: 0.873561 | AM46: 261.51018 | AQ46: =AI46-AM46/$AN$26*100 -> 0.49997503 | BY46: =BQ46-BU46/$BV$26*100 -> #DIV/0! | CP46: =CH46-CL46/$CM$26*100 -> #DIV/0! | DX46: =DP46-DT46/$DU$26*100 -> #DIV/0! | EO46: =EG46-EK46/$DU$26*100 -> #DIV/0!
R47: 0.945668 | V47: 261.7265 | Z47: =R47-V47/$W$26*100 -> 0.571773 | AI47: 0.945668 | AM47: 261.7265 | AQ47: =AI47-AM47/$AN$26*100 -> 0.571773 | BY47: =BQ47-BU47/$BV$26*100 -> #DIV/0! | CP47: =CH47-CL47/$CM$26*100 -> #DIV/0! | DX47: =DP47-DT47/$DU$26*100 -> #DIV/0! | EO47: =EG47-EK47/$DU$26*100 -> #DIV/0!
R48: 1.017774 | V48: 261.94282 | Z48: =R48-V48/$W$26*100 -> 0.64356997 | AI48: 1.017774 | AM48: 261.94282 | AQ48: =AI48-AM48/$AN$26*100 -> 0.64356997 | BY48: =BQ48-BU48/$BV$26*100 -> #DIV/0! | CP48: =CH48-CL48/$CM$26*100 -> #DIV/0! | DX48: =DP48-DT48/$DU$26*100 -> #DIV/0! | EO48: =EG48-EK48/$DU$26*100 -> #DIV/0!
Z49: =R49-V49/$W$26*100 -> 0 | AQ49: =AI49-AM49/$AN$26*100 -> 0 | BY49: =BQ49-BU49/$BV$26*100 -> #DIV/0! | CP49: =CH49-CL49/$CM$26*100 -> #DIV/0! | DX49: =DP49-DT49/$DU$26*100 -> #DIV/0! | EO49: =EG49-EK49/$DU$26*100 -> #DIV/0!
Z50: =R50-V50/$W$26*100 -> 0 | AQ50: =AI50-AM50/$AN$26*100 -> 0 | BY50: =BQ50-BU50/$BV$26*100 -> #DIV/0! | CP50: =CH50-CL50/$CM$26*100 -> #DIV/0! | DX50: =DP50-DT50/$DU$26*100 -> #DIV/0! | EO50: =EG50-EK50/$DU$26*100 -> #DIV/0!
Z51: =R51-V51/$W$26*100 -> 0 | AQ51: =AI51-AM51/$AN$26*100 -> 0 | BY51: =BQ51-BU51/$BV$26*100 -> #DIV/0! | CP51: =CH51-CL51/$CM$26*100 -> #DIV/0! | DX51: =DP51-DT51/$DU$26*100 -> #DIV/0! | EO51: =EG51-EK51/$DU$26*100 -> #DIV/0!
Z52: =R52-V52/$W$26*100 -> 0 | AQ52: =AI52-AM52/$AN$26*100 -> 0 | BY52: =BQ52-BU52/$BV$26*100 -> #DIV/0! | CP52: =CH52-CL52/$CM$26*100 -> #DIV/0! | DX52: =DP52-DT52/$DU$26*100 -> #DIV/0! | EO52: =EG52-EK52/$DU$26*100 -> #DIV/0!
Z53: =R53-V53/$W$26*100 -> 0 | AQ53: =AI53-AM53/$AN$26*100 -> 0 | BY53: =BQ53-BU53/$BV$26*100 -> #DIV/0! | CP53: =CH53-CL53/$CM$26*100 -> #DIV/0! | DX53: =DP53-DT53/$DU$26*100 -> #DIV/0! | EO53: =EG53-EK53/$DU$26*100 -> #DIV/0!
Z54: =R54-V54/$W$26*100 -> 0 | AQ54: =AI54-AM54/$AN$26*100 -> 0 | BY54: =BQ54-BU54/$BV$26*100 -> #DIV/0! | CP54: =CH54-CL54/$CM$26*100 -> #DIV/0! | DX54: =DP54-DT54/$DU$26*100 -> #DIV/0! | EO54: =EG54-EK54/$DU$26*100 -> #DIV/0!
Z55: =R55-V55/$W$26*100 -> 0 | AQ55: =AI55-AM55/$AN$26*100 -> 0 | BY55: =BQ55-BU55/$BV$26*100 -> #DIV/0! | CP55: =CH55-CL55/$CM$26*100 -> #DIV/0! | CZ55: Main hoop bracing | DX55: =DP55-DT55/$DU$26*100 -> #DIV/0! | EO55: =EG55-EK55/$DU$26*100 -> #DIV/0!
Z56: =R56-V56/$W$26*100 -> 0 | AQ56: =AI56-AM56/$AN$26*100 -> 0 | BY56: =BQ56-BU56/$BV$26*100 -> #DIV/0! | CP56: =CH56-CL56/$CM$26*100 -> #DIV/0! | DX56: =DP56-DT56/$DU$26*100 -> #DIV/0! | EO56: =EG56-EK56/$DU$26*100 -> #DIV/0!
Z57: =R57-V57/$W$26*100 -> 0 | AQ57: =AI57-AM57/$AN$26*100 -> 0 | BY57: =BQ57-BU57/$BV$26*100 -> #DIV/0! | CP57: =CH57-CL57/$CM$26*100 -> #DIV/0! | DX57: =DP57-DT57/$DU$26*100 -> #DIV/0! | EO57: =EG57-EK57/$DU$26*100 -> #DIV/0!
Z58: =R58-V58/$W$26*100 -> 0 | AQ58: =AI58-AM58/$AN$26*100 -> 0 | BY58: =BQ58-BU58/$BV$26*100 -> #DIV/0! | CP58: =CH58-CL58/$CM$26*100 -> #DIV/0! | DX58: =DP58-DT58/$DU$26*100 -> #DIV/0! | EO58: =EG58-EK58/$DU$26*100 -> #DIV/0!
Z59: =R59-V59/$W$26*100 -> 0 | AQ59: =AI59-AM59/$AN$26*100 -> 0 | BY59: =BQ59-BU59/$BV$26*100 -> #DIV/0! | CP59: =CH59-CL59/$CM$26*100 -> #DIV/0! | DX59: =DP59-DT59/$DU$26*100 -> #DIV/0! | EO59: =EG59-EK59/$DU$26*100 -> #DIV/0!
Z60: =R60-V60/$W$26*100 -> 0 | AQ60: =AI60-AM60/$AN$26*100 -> 0 | BY60: =BQ60-BU60/$BV$26*100 -> #DIV/0! | CP60: =CH60-CL60/$CM$26*100 -> #DIV/0! | DX60: =DP60-DT60/$DU$26*100 -> #DIV/0! | EO60: =EG60-EK60/$DU$26*100 -> #DIV/0!
Z61: =R61-V61/$W$26*100 -> 0 | AQ61: =AI61-AM61/$AN$26*100 -> 0 | BY61: =BQ61-BU61/$BV$26*100 -> #DIV/0! | CP61: =CH61-CL61/$CM$26*100 -> #DIV/0! | DX61: =DP61-DT61/$DU$26*100 -> #DIV/0! | EO61: =EG61-EK61/$DU$26*100 -> #DIV/0!
Z62: =R62-V62/$W$26*100 -> 0 | AQ62: =AI62-AM62/$AN$26*100 -> 0 | BY62: =BQ62-BU62/$BV$26*100 -> #DIV/0! | CP62: =CH62-CL62/$CM$26*100 -> #DIV/0! | DX62: =DP62-DT62/$DU$26*100 -> #DIV/0! | EO62: =EG62-EK62/$DU$26*100 -> #DIV/0!
Z63: =R63-V63/$W$26*100 -> 0 | AQ63: =AI63-AM63/$AN$26*100 -> 0 | BY63: =BQ63-BU63/$BV$26*100 -> #DIV/0! | CP63: =CH63-CL63/$CM$26*100 -> #DIV/0! | DX63: =DP63-DT63/$DU$26*100 -> #DIV/0! | EO63: =EG63-EK63/$DU$26*100 -> #DIV/0!
Z64: =R64-V64/$W$26*100 -> 0 | AQ64: =AI64-AM64/$AN$26*100 -> 0 | BY64: =BQ64-BU64/$BV$26*100 -> #DIV/0! | CP64: =CH64-CL64/$CM$26*100 -> #DIV/0! | DX64: =DP64-DT64/$DU$26*100 -> #DIV/0! | EO64: =EG64-EK64/$DU$26*100 -> #DIV/0!
Z65: =R65-V65/$W$26*100 -> 0 | AQ65: =AI65-AM65/$AN$26*100 -> 0 | BY65: =BQ65-BU65/$BV$26*100 -> #DIV/0! | CP65: =CH65-CL65/$CM$26*100 -> #DIV/0! | DX65: =DP65-DT65/$DU$26*100 -> #DIV/0! | EO65: =EG65-EK65/$DU$26*100 -> #DIV/0!
Z66: =R66-V66/$W$26*100 -> 0 | AQ66: =AI66-AM66/$AN$26*100 -> 0 | BY66: =BQ66-BU66/$BV$26*100 -> #DIV/0! | CP66: =CH66-CL66/$CM$26*100 -> #DIV/0! | DX66: =DP66-DT66/$DU$26*100 -> #DIV/0! | EO66: =EG66-EK66/$DU$26*100 -> #DIV/0!
Z67: =R67-V67/$W$26*100 -> 0 | AQ67: =AI67-AM67/$AN$26*100 -> 0 | BY67: =BQ67-BU67/$BV$26*100 -> #DIV/0! | CP67: =CH67-CL67/$CM$26*100 -> #DIV/0! | DX67: =DP67-DT67/$DU$26*100 -> #DIV/0! | EO67: =EG67-EK67/$DU$26*100 -> #DIV/0!
... Z112: =R112-V112/$W$26*100 -> 0 | AQ112: =AI112-AM112/$AN$26*100 -> 0 | BY112: =BQ112-BU112/$BV$26*100 -> #DIV/0! | CP112: =CH112-CL112/$CM$26*100 -> #DIV/0! | DX112: =DP112-DT112/$DU$26*100 -> #DIV/0! | EO112: =EG112-EK112/$DU$26*100 -> #DIV/0!
Z113: =R113-V113/$W$26*100 -> 0 | AQ113: =AI113-AM113/$AN$26*100 -> 0 | BB113: Front Hoop Test 1-5 | BY113: =BQ113-BU113/$BV$26*100 -> #DIV/0! | CP113: =CH113-CL113/$CM$26*100 -> #DIV/0! | DX113: =DP113-DT113/$DU$26*100 -> #DIV/0! | EO113: =EG113-EK113/$DU$26*100 -> #DIV/0!
Z114: =R114-V114/$W$26*100 -> 0 | AQ114: =AI114-AM114/$AN$26*100 -> 0 | BY114: =BQ114-BU114/$BV$26*100 -> #DIV/0! | CP114: =CH114-CL114/$CM$26*100 -> #DIV/0! | DX114: =DP114-DT114/$DU$26*100 -> #DIV/0! | EO114: =EG114-EK114/$DU$26*100 -> #DIV/0!
Z115: =R115-V115/$W$26*100 -> 0 | AQ115: =AI115-AM115/$AN$26*100 -> 0 | BY115: =BQ115-BU115/$BV$26*100 -> #DIV/0! | CP115: =CH115-CL115/$CM$26*100 -> #DIV/0! | DX115: =DP115-DT115/$DU$26*100 -> #DIV/0! | EO115: =EG115-EK115/$DU$26*100 -> #DIV/0!
Z116: =R116-V116/$W$26*100 -> 0 | AQ116: =AI116-AM116/$AN$26*100 -> 0 | BY116: =BQ116-BU116/$BV$26*100 -> #DIV/0! | CP116: =CH116-CL116/$CM$26*100 -> #DIV/0! | DX116: =DP116-DT116/$DU$26*100 -> #DIV/0! | EO116: =EG116-EK116/$DU$26*100 -> #DIV/0!
Z117: =R117-V117/$W$26*100 -> 0 | AQ117: =AI117-AM117/$AN$26*100 -> 0 | BY117: =BQ117-BU117/$BV$26*100 -> #DIV/0! | CP117: =CH117-CL117/$CM$26*100 -> #DIV/0! | DX117: =DP117-DT117/$DU$26*100 -> #DIV/0! | EO117: =EG117-EK117/$DU$26*100 -> #DIV/0!
Z118: =R118-V118/$W$26*100 -> 0 | AQ118: =AI118-AM118/$AN$26*100 -> 0 | BM118: 1 | BY118: =BQ118-BU118/$BV$26*100 -> #DIV/0! | CP118: =CH118-CL118/$CM$26*100 -> #DIV/0! | DX118: =DP118-DT118/$DU$26*100 -> #DIV/0! | EO118: =EG118-EK118/$DU$26*100 -> #DIV/0!
Z119: =R119-V119/$W$26*100 -> 0 | AQ119: =AI119-AM119/$AN$26*100 -> 0 | BY119: =BQ119-BU119/$BV$26*100 -> #DIV/0! | CP119: =CH119-CL119/$CM$26*100 -> #DIV/0! | DX119: =DP119-DT119/$DU$26*100 -> #DIV/0! | EO119: =EG119-EK119/$DU$26*100 -> #DIV/0!
Z120: =R120-V120/$W$26*100 -> 0 | AQ120: =AI120-AM120/$AN$26*100 -> 0 | BY120: =BQ120-BU120/$BV$26*100 -> #DIV/0! | CP120: =CH120-CL120/$CM$26*100 -> #DIV/0! | DX120: =DP120-DT120/$DU$26*100 -> #DIV/0! | EO120: =EG120-EK120/$DU$26*100 -> #DIV/0!
Z121: =R121-V121/$W$26*100 -> 0 | AQ121: =AI121-AM121/$AN$26*100 -> 0 | BY121: =BQ121-BU121/$BV$26*100 -> #DIV/0! | CP121: =CH121-CL121/$CM$26*100 -> #DIV/0! | DX121: =DP121-DT121/$DU$26*100 -> #DIV/0! | EO121: =EG121-EK121/$DU$26*100 -> #DIV/0!
Z122: =R122-V122/$W$26*100 -> 0 | AQ122: =AI122-AM122/$AN$26*100 -> 0 | BY122: =BQ122-BU122/$BV$26*100 -> #DIV/0! | CP122: =CH122-CL122/$CM$26*100 -> #DIV/0! | DX122: =DP122-DT122/$DU$26*100 -> #DIV/0! | EO122: =EG122-EK122/$DU$26*100 -> #DIV/0!
Z123: =R123-V123/$W$26*100 -> 0 | AQ123: =AI123-AM123/$AN$26*100 -> 0 | BY123: =BQ123-BU123/$BV$26*100 -> #DIV/0! | CP123: =CH123-CL123/$CM$26*100 -> #DIV/0! | DX123: =DP123-DT123/$DU$26*100 -> #DIV/0! | EO123: =EG123-EK123/$DU$26*100 -> #DIV/0!
Z124: =R124-V124/$W$26*100 -> 0 | AQ124: =AI124-AM124/$AN$26*100 -> 0 | BY124: =BQ124-BU124/$BV$26*100 -> #DIV/0! | CP124: =CH124-CL124/$CM$26*100 -> #DIV/0! | DX124: =DP124-DT124/$DU$26*100 -> #DIV/0! | EO124: =EG124-EK124/$DU$26*100 -> #DIV/0!
Z125: =R125-V125/$W$26*100 -> 0 | AQ125: =AI125-AM125/$AN$26*100 -> 0 | BY125: =BQ125-BU125/$BV$26*100 -> #DIV/0! | CP125: =CH125-CL125/$CM$26*100 -> #DIV/0! | DX125: =DP125-DT125/$DU$26*100 -> #DIV/0! | EO125: =EG125-EK125/$DU$26*100 -> #DIV/0!
Z126: =R126-V126/$W$26*100 -> 0 | AQ126: =AI126-AM126/$AN$26*100 -> 0 | BY126: =BQ126-BU126/$BV$26*100 -> #DIV/0! | CP126: =CH126-CL126/$CM$26*100 -> #DIV/0! | DX126: =DP126-DT126/$DU$26*100 -> #DIV/0! | EO126: =EG126-EK126/$DU$26*100 -> #DIV/0!
Z127: =R127-V127/$W$26*100 -> 0 | AQ127: =AI127-AM127/$AN$26*100 -> 0 | BY127: =BQ127-BU127/$BV$26*100 -> #DIV/0! | CP127: =CH127-CL127/$CM$26*100 -> #DIV/0! | DX127: =DP127-DT127/$DU$26*100 -> #DIV/0! | EO127: =EG127-EK127/$DU$26*100 -> #DIV/0!
Z128: =R128-V128/$W$26*100 -> 0 | AQ128: =AI128-AM128/$AN$26*100 -> 0 | BM128: 2 | BY128: =BQ128-BU128/$BV$26*100 -> #DIV/0! | CP128: =CH128-CL128/$CM$26*100 -> #DIV/0! | DX128: =DP128-DT128/$DU$26*100 -> #DIV/0! | EO128: =EG128-EK128/$DU$26*100 -> #DIV/0!
Z129: =R129-V129/$W$26*100 -> 0 | AQ129: =AI129-AM129/$AN$26*100 -> 0 | BY129: =BQ129-BU129/$BV$26*100 -> #DIV/0! | CP129: =CH129-CL129/$CM$26*100 -> #DIV/0! | DX129: =DP129-DT129/$DU$26*100 -> #DIV/0! | EO129: =EG129-EK129/$DU$26*100 -> #DIV/0!
Z130: =R130-V130/$W$26*100 -> 0 | AQ130: =AI130-AM130/$AN$26*100 -> 0 | BY130: =BQ130-BU130/$BV$26*100 -> #DIV/0! | CP130: =CH130-CL130/$CM$26*100 -> #DIV/0! | DX130: =DP130-DT130/$DU$26*100 -> #DIV/0! | EO130: =EG130-EK130/$DU$26*100 -> #DIV/0!
Z131: =R131-V131/$W$26*100 -> 0 | AQ131: =AI131-AM131/$AN$26*100 -> 0 | BY131: =BQ131-BU131/$BV$26*100 -> #DIV/0! | CP131: =CH131-CL131/$CM$26*100 -> #DIV/0! | DX131: =DP131-DT131/$DU$26*100 -> #DIV/0! | EO131: =EG131-EK131/$DU$26*100 -> #DIV/0!
Z132: =R132-V132/$W$26*100 -> 0 | AQ132: =AI132-AM132/$AN$26*100 -> 0 | BY132: =BQ132-BU132/$BV$26*100 -> #DIV/0! | CP132: =CH132-CL132/$CM$26*100 -> #DIV/0! | DX132: =DP132-DT132/$DU$26*100 -> #DIV/0! | EO132: =EG132-EK132/$DU$26*100 -> #DIV/0!
Z133: =R133-V133/$W$26*100 -> 0 | AQ133: =AI133-AM133/$AN$26*100 -> 0 | BY133: =BQ133-BU133/$BV$26*100 -> #DIV/0! | CP133: =CH133-CL133/$CM$26*100 -> #DIV/0! | DX133: =DP133-DT133/$DU$26*100 -> #DIV/0! | EO133: =EG133-EK133/$DU$26*100 -> #DIV/0!
Z134: =R134-V134/$W$26*100 -> 0 | AQ134: =AI134-AM134/$AN$26*100 -> 0 | BY134: =BQ134-BU134/$BV$26*100 -> #DIV/0! | CP134: =CH134-CL134/$CM$26*100 -> #DIV/0! | DX134: =DP134-DT134/$DU$26*100 -> #DIV/0! | EO134: =EG134-EK134/$DU$26*100 -> #DIV/0!
Z135: =R135-V135/$W$26*100 -> 0 | AQ135: =AI135-AM135/$AN$26*100 -> 0 | BY135: =BQ135-BU135/$BV$26*100 -> #DIV/0! | CP135: =CH135-CL135/$CM$26*100 -> #DIV/0! | DX135: =DP135-DT135/$DU$26*100 -> #DIV/0! | EO135: =EG135-EK135/$DU$26*100 -> #DIV/0!
Z136: =R136-V136/$W$26*100 -> 0 | AQ136: =AI136-AM136/$AN$26*100 -> 0 | BY136: =BQ136-BU136/$BV$26*100 -> #DIV/0! | CP136: =CH136-CL136/$CM$26*100 -> #DIV/0! | DX136: =DP136-DT136/$DU$26*100 -> #DIV/0! | EO136: =EG136-EK136/$DU$26*100 -> #DIV/0!
Z137: =R137-V137/$W$26*100 -> 0 | AQ137: =AI137-AM137/$AN$26*100 -> 0 | BY137: =BQ137-BU137/$BV$26*100 -> #DIV/0! | CP137: =CH137-CL137/$CM$26*100 -> #DIV/0! | DX137: =DP137-DT137/$DU$26*100 -> #DIV/0! | EO137: =EG137-EK137/$DU$26*100 -> #DIV/0!
Z138: =R138-V138/$W$26*100 -> 0 | AQ138: =AI138-AM138/$AN$26*100 -> 0 | BM138: 3 | BY138: =BQ138-BU138/$BV$26*100 -> #DIV/0! | CP138: =CH138-CL138/$CM$26*100 -> #DIV/0! | DX138: =DP138-DT138/$DU$26*100 -> #DIV/0! | EO138: =EG138-EK138/$DU$26*100 -> #DIV/0!
Z139: =R139-V139/$W$26*100 -> 0 | AQ139: =AI139-AM139/$AN$26*100 -> 0 | BY139: =BQ139-BU139/$BV$26*100 -> #DIV/0! | CP139: =CH139-CL139/$CM$26*100 -> #DIV/0! | DX139: =DP139-DT139/$DU$26*100 -> #DIV/0! | EO139: =EG139-EK139/$DU$26*100 -> #DIV/0!
Z140: =R140-V140/$W$26*100 -> 0 | AQ140: =AI140-AM140/$AN$26*100 -> 0 | BY140: =BQ140-BU140/$BV$26*100 -> #DIV/0! | CP140: =CH140-CL140/$CM$26*100 -> #DIV/0! | DX140: =DP140-DT140/$DU$26*100 -> #DIV/0! | EO140: =EG140-EK140/$DU$26*100 -> #DIV/0!
Z141: =R141-V141/$W$26*100 -> 0 | AQ141: =AI141-AM141/$AN$26*100 -> 0 | BY141: =BQ141-BU141/$BV$26*100 -> #DIV/0! | CP141: =CH141-CL141/$CM$26*100 -> #DIV/0! | DX141: =DP141-DT141/$DU$26*100 -> #DIV/0! | EO141: =EG141-EK141/$DU$26*100 -> #DIV/0!
Z142: =R142-V142/$W$26*100 -> 0 | AQ142: =AI142-AM142/$AN$26*100 -> 0 | BY142: =BQ142-BU142/$BV$26*100 -> #DIV/0! | CP142: =CH142-CL142/$CM$26*100 -> #DIV/0! | DX142: =DP142-DT142/$DU$26*100 -> #DIV/0! | EO142: =EG142-EK142/$DU$26*100 -> #DIV/0!
Z143: =R143-V143/$W$26*100 -> 0 | AQ143: =AI143-AM143/$AN$26*100 -> 0 | BY143: =BQ143-BU143/$BV$26*100 -> #DIV/0! | CP143: =CH143-CL143/$CM$26*100 -> #DIV/0! | DX143: =DP143-DT143/$DU$26*100 -> #DIV/0! | EO143: =EG143-EK143/$DU$26*100 -> #DIV/0!
Z144: =R144-V144/$W$26*100 -> 0 | AQ144: =AI144-AM144/$AN$26*100 -> 0 | BY144: =BQ144-BU144/$BV$26*100 -> #DIV/0! | CP144: =CH144-CL144/$CM$26*100 -> #DIV/0! | DX144: =DP144-DT144/$DU$26*100 -> #DIV/0! | EO144: =EG144-EK144/$DU$26*100 -> #DIV/0!
Z145: =R145-V145/$W$26*100 -> 0 | AQ145: =AI145-AM145/$AN$26*100 -> 0 | BY145: =BQ145-BU145/$BV$26*100 -> #DIV/0! | CP145: =CH145-CL145/$CM$26*100 -> #DIV/0! | DX145: =DP145-DT145/$DU$26*100 -> #DIV/0! | EO145: =EG145-EK145/$DU$26*100 -> #DIV/0!
Z146: =R146-V146/$W$26*100 -> 0 | AQ146: =AI146-AM146/$AN$26*100 -> 0 | BY146: =BQ146-BU146/$BV$26*100 -> #DIV/0! | CP146: =CH146-CL146/$CM$26*100 -> #DIV/0! | DX146: =DP146-DT146/$DU$26*100 -> #DIV/0! | EO146: =EG146-EK146/$DU$26*100 -> #DIV/0!
Z147: =R147-V147/$W$26*100 -> 0 | AQ147: =AI147-AM147/$AN$26*100 -> 0 | BY147: =BQ147-BU147/$BV$26*100 -> #DIV/0! | CP147: =CH147-CL147/$CM$26*100 -> #DIV/0! | DX147: =DP147-DT147/$DU$26*100 -> #DIV/0! | EO147: =EG147-EK147/$DU$26*100 -> #DIV/0!
Z148: =R148-V148/$W$26*100 -> 0 | AQ148: =AI148-AM148/$AN$26*100 -> 0 | BY148: =BQ148-BU148/$BV$26*100 -> #DIV/0! | CP148: =CH148-CL148/$CM$26*100 -> #DIV/0! | DX148: =DP148-DT148/$DU$26*100 -> #DIV/0! | EO148: =EG148-EK148/$DU$26*100 -> #DIV/0!
Z149: =R149-V149/$W$26*100 -> 0 | AQ149: =AI149-AM149/$AN$26*100 -> 0 | BM149: 4 | BY149: =BQ149-BU149/$BV$26*100 -> #DIV/0! | CP149: =CH149-CL149/$CM$26*100 -> #DIV/0! | DX149: =DP149-DT149/$DU$26*100 -> #DIV/0! | EO149: =EG149-EK149/$DU$26*100 -> #DIV/0!
Z150: =R150-V150/$W$26*100 -> 0 | AQ150: =AI150-AM150/$AN$26*100 -> 0 | BY150: =BQ150-BU150/$BV$26*100 -> #DIV/0! | CP150: =CH150-CL150/$CM$26*100 -> #DIV/0! | DX150: =DP150-DT150/$DU$26*100 -> #DIV/0! | EO150: =EG150-EK150/$DU$26*100 -> #DIV/0!
Z151: =R151-V151/$W$26*100 -> 0 | AQ151: =AI151-AM151/$AN$26*100 -> 0 | BY151: =BQ151-BU151/$BV$26*100 -> #DIV/0! | CP151: =CH151-CL151/$CM$26*100 -> #DIV/0! | DX151: =DP151-DT151/$DU$26*100 -> #DIV/0! | EO151: =EG151-EK151/$DU$26*100 -> #DIV/0!
Z152: =R152-V152/$W$26*100 -> 0 | AQ152: =AI152-AM152/$AN$26*100 -> 0 | BY152: =BQ152-BU152/$BV$26*100 -> #DIV/0! | CP152: =CH152-CL152/$CM$26*100 -> #DIV/0! | DX152: =DP152-DT152/$DU$26*100 -> #DIV/0! | EO152: =EG152-EK152/$DU$26*100 -> #DIV/0!
Z153: =R153-V153/$W$26*100 -> 0 | AQ153: =AI153-AM153/$AN$26*100 -> 0 | BY153: =BQ153-BU153/$BV$26*100 -> #DIV/0! | CP153: =CH153-CL153/$CM$26*100 -> #DIV/0! | DX153: =DP153-DT153/$DU$26*100 -> #DIV/0! | EO153: =EG153-EK153/$DU$26*100 -> #DIV/0!
Z154: =R154-V154/$W$26*100 -> 0 | AQ154: =AI154-AM154/$AN$26*100 -> 0 | BY154: =BQ154-BU154/$BV$26*100 -> #DIV/0! | CP154: =CH154-CL154/$CM$26*100 -> #DIV/0! | DX154: =DP154-DT154/$DU$26*100 -> #DIV/0! | EO154: =EG154-EK154/$DU$26*100 -> #DIV/0!
Z155: =R155-V155/$W$26*100 -> 0 | AQ155: =AI155-AM155/$AN$26*100 -> 0 | BY155: =BQ155-BU155/$BV$26*100 -> #DIV/0! | CP155: =CH155-CL155/$CM$26*100 -> #DIV/0! | DX155: =DP155-DT155/$DU$26*100 -> #DIV/0! | EO155: =EG155-EK155/$DU$26*100 -> #DIV/0!
...

Sheet Composite Datasheets
A1: =CONCATENATE(Read_Me!A1," FS SES ",Read_Me!B1," - Datasheets Composites") -> 2026 FS SES V1.3 - Datasheets Composites
S2: BACK to COVER SHEET | X2: Here, all materials used in your laminate shall be documented, including core materials ("ply"/"cloth" naming can be ignored)!
A3: University Name | D3: =IF('Cover Sheet'!$D$14>0,'Cover Sheet'!$D$14,"") -> OTH Amberg-Weiden | I3: Car No.(s) & Event(s) | M3: =IF('Cover Sheet'!$O$14>0,'Cover Sheet'!$O$14,"") -> FSA E32; FSG 23; FSP E23
A5: M40J Fabric | R5: T700 Fabric | AI5: M40J UD | AZ5: T800S UD | BQ5: Zylon | CH5: Aramid | CY5: Aluminum core 18 mm | DP5: Aluminum core 10mm | EG5: CP | FO5: Your Material 11 | GF5: Your Material 12 | GW5: Your Material 13 | HN5: Your Material 14 | IE5: Your Material 15 | IV5: Your Material 16 | JM5: Your Material 17 | KD5: Your Material 18 | KU5: Your Material 19 | LL5: Your Material 20 | MC5: Material | MD5: Ply Material | ME5: Ply Type | MF5: Cloth Weight
MC6: =A5 -> M40J Fabric | MD6: =I7 -> Carbon Fiber | ME6: =I9 -> Bidirectional | MF6: {=IF( ISNUMBER(SEARCH("core", MD6)), "", INDIRECT(ADDRESS(11, 9 + (ROW(A1)-1)*17)) )} -> 200
A7: (Ply) Material | I7: Carbon Fiber | R7: (Ply) Material | Z7: Carbon Fiber | AI7: (Ply) Material | AQ7: Carbon Fiber | AZ7: (Ply) Material | BH7: Carbon Fiber | BQ7: (Ply) Material | BY7: Other | CH7: (Ply) Material | CP7: Aramid Fiber | CY7: (Ply) Material | DG7: Core | DP7: (Ply) Material | DX7: Core | EG7: (Ply) Material | EO7: Other | EX7: (Ply) Material | FF7: Carbon Fiber | FO7: (Ply) Material | FW7: Carbon Fiber | GF7: (Ply) Material | GN7: Carbon Fiber | GW7: (Ply) Material | HE7: Carbon Fiber | HN7: (Ply) Material | HV7: Carbon Fiber | IE7: (Ply) Material | IM7: Carbon Fiber | IV7: (Ply) Material | JD7: Carbon Fiber | JM7: (Ply) Material | JU7: Carbon Fiber | KD7: (Ply) Material | KL7: Carbon Fiber | KU7: (Ply) Material | LC7: Carbon Fiber | LL7: (Ply) Material | LT7: Carbon Fiber | MC7: =R5 -> T700 Fabric | MD7: =Z7 -> Carbon Fiber | ME7: =Z9 -> Bidirectional | MF7: {=IF( ISNUMBER(SEARCH("core", MD7)), "", INDIRECT(ADDRESS(11, 9 + (ROW(A2)-1)*17)) )} -> 285
MC8: =AI5 -> M40J UD | MD8: =AQ7 -> Carbon Fiber | ME8: =AQ9 -> Unidirectional | MF8: {=IF( ISNUMBER(SEARCH("core", MD8)), "", INDIRECT(ADDRESS(11, 9 + (ROW(A3)-1)*17)) )} -> 200
A9: (Ply) Type | I9: Bidirectional | R9: (Ply) Type | Z9: Bidirectional | AI9: (Ply) Type | AQ9: Unidirectional | AZ9: (Ply) Type | BH9: Unidirectional | BQ9: (Ply) Type | BY9: Bidirectional | CH9: (Ply) Type | CP9: Bidirectional | CY9: (Ply) Type | DG9: Al Honeycomb | DP9: (Ply) Type | DX9: Al Honeycomb | EG9: (Ply) Type | EO9: Other | EX9: (Ply) Type | FF9: Other | FO9: (Ply) Type | FW9: Unidirectional | GF9: (Ply) Type | GN9: Unidirectional | GW9: (Ply) Type | HE9: Unidirectional | HN9: (Ply) Type | HV9: Unidirectional | IE9: (Ply) Type | IM9: Unidirectional | IV9: (Ply) Type | JD9: Unidirectional | JM9: (Ply) Type | JU9: Unidirectional | KD9: (Ply) Type | KL9: Unidirectional | KU9: (Ply) Type | LC9: Unidirectional | LL9: (Ply) Type | LT9: Unidirectional | MC9: =AZ5 -> T800S UD | MD9: =BH7 -> Carbon Fiber | ME9: =BH9 -> Unidirectional | MF9: {=IF( ISNUMBER(SEARCH("core", MD9)), "", INDIRECT(ADDRESS(11, 9 + (ROW(A4)-1)*17)) )} -> 150
MC10: =BQ5 -> Zylon | MD10: =BY7 -> Other | ME10: =BY9 -> Bidirectional | MF10: {=IF( ISNUMBER(SEARCH("core", MD10)), "", INDIRECT(ADDRESS(11, 9 + (ROW(A5)-1)*17)) )} -> 300
A11: (Cloth) Weight [g/m²] | I11: 200 | R11: (Cloth) Weight [g/m²] | Z11: 285 | AI11: (Cloth) Weight [g/m²] | AQ11: 200 | AZ11: (Cloth) Weight [g/m²] | BH11: 150 | BQ11: (Cloth) Weight [g/m²] | BY11: 300 | CH11: (Cloth) Weight [g/m²] | CP11: 170 | CY11: (Cloth) Weight [g/m²] | DP11: (Cloth) Weight [g/m²] | EG11: (Cloth) Weight [g/m²] | EO11: 20 | EX11: (Cloth) Weight [g/m²] | FO11: (Cloth) Weight [g/m²] | FW11: 200 | GF11: (Cloth) Weight [g/m²] | GN11: 200 | GW11: (Cloth) Weight [g/m²] | HE11: 200 | HN11: (Cloth) Weight [g/m²] | HV11: 200 | IE11: (Cloth) Weight [g/m²] | IM11: 200 | IV11: (Cloth) Weight [g/m²] | JD11: 200 | JM11: (Cloth) Weight [g/m²] | JU11: 200 | KD11: (Cloth) Weight [g/m²] | KL11: 200 | KU11: (Cloth) Weight [g/m²] | LC11: 200 | LL11: (Cloth) Weight [g/m²] | LT11: 200 | MC11: =CH5 -> Aramid | MD11: =CP7 -> Aramid Fiber | ME11: =CP9 -> Bidirectional | MF11: {=IF( ISNUMBER(SEARCH("core", MD11)), "", INDIRECT(ADDRESS(11, 9 + (ROW(A6)-1)*17)) )} -> 170
MC12: =CY5 -> Aluminum core 18 mm | MD12: =DG7 -> Core | ME12: =DG9 -> Al Honeycomb | MF12: {=IF( ISNUMBER(SEARCH("core", MD12)), "", INDIRECT(ADDRESS(11, 9 + (ROW(A7)-1)*17)) )}
A13: Data Sheet | R13: Data Sheet | AI13: Data Sheet | AZ13: Data Sheet | BQ13: Data Sheet | CH13: Data Sheet | CY13: Data Sheet | DP13: Data Sheet | EG13: Data Sheet | EX13: Data Sheet | FO13: Data Sheet | GF13: Data Sheet | GW13: Data Sheet | HN13: Data Sheet | IE13: Data Sheet | IV13: Data Sheet | JM13: Data Sheet | KD13: Data Sheet | KU13: Data Sheet | LL13: Data Sheet | MC13: =DP5 -> Aluminum core 10mm | MD13: =DX7 -> Core | ME13: =DX9 -> Al Honeycomb | MF13: {=IF( ISNUMBER(SEARCH("core", MD13)), "", INDIRECT(ADDRESS(11, 9 + (ROW(A8)-1)*17)) )}
MC14: =EG5 -> CP | MD14: =EO7 -> Other | ME14: =EO9 -> Other | MF14: {=IF( ISNUMBER(SEARCH("core", MD14)), "", INDIRECT(ADDRESS(11, 9 + (ROW(A9)-1)*17)) )} -> 20
MC15: =EX5 -> 0 | MD15: =FF7 -> Carbon Fiber | ME15: =FF9 -> Other | MF15: {=IF( ISNUMBER(SEARCH("core", MD15)), "", INDIRECT(ADDRESS(11, 9 + (ROW(A10)-1)*17)) )} -> 0
MC16: =FO5 -> Your Material 11 | MD16: =FW7 -> Carbon Fiber | ME16: =FW9 -> Unidirectional | MF16: {=IF( ISNUMBER(SEARCH("core", MD16)), "", INDIRECT(ADDRESS(11, 9 + (ROW(A11)-1)*17)) )} -> 200
A17: Insert image of relevant datasheet pages (name of material must be visible on the pages). | R17: Insert image of relevant datasheet pages (name of material must be visible on the pages). | AI17: Insert image of relevant datasheet pages (name of material must be visible on the pages). | AZ17: Insert image of relevant datasheet pages (name of material must be visible on the pages). | BQ17: Insert image of relevant datasheet pages (name of material must be visible on the pages). | CH17: Insert image of relevant datasheet pages (name of material must be visible on the pages). | CY17: Insert image of relevant datasheet pages (name of material must be visible on the pages). | DP17: Insert image of relevant datasheet pages (name of material must be visible on the pages). | EG17: Insert image of relevant datasheet pages (name of material must be visible on the pages). | EX17: Insert image of relevant datasheet pages (name of material must be visible on the pages). | FO17: Insert image of relevant datasheet pages (name of material must be visible on the pages). | GF17: Insert image of relevant datasheet pages (name of material must be visible on the pages). | GW17: Insert image of relevant datasheet pages (name of material must be visible on the pages). | HN17: Insert image of relevant datasheet pages (name of material must be visible on the pages). | IE17: Insert image of relevant datasheet pages (name of material must be visible on the pages). | IV17: Insert image of relevant datasheet pages (name of material must be visible on the pages). | JM17: Insert image of relevant datasheet pages (name of material must be visible on the pages). | KD17: Insert image of relevant datasheet pages (name of material must be visible on the pages). | KU17: Insert image of relevant datasheet pages (name of material must be visible on the pages). | LL17: Insert image of relevant datasheet pages (name of material must be visible on the pages). | MC17: =GF5 -> Your Material 12 | MD17: =GN7 -> Carbon Fiber | ME17: =GN9 -> Unidirectional | MF17: {=IF( ISNUMBER(SEARCH("core", MD17)), "", INDIRECT(ADDRESS(11, 9 + (ROW(A12)-1)*17)) )} -> 200
A18: Highlight the relevant areas for type, cloth weight, mechanical properties. | R18: Highlight the relevant areas for type, cloth weight, mechanical properties. | AI18: Highlight the relevant areas for type, cloth weight, mechanical properties. | AZ18: Highlight the relevant areas for type, cloth weight, mechanical properties. | BQ18: Highlight the relevant areas for type, cloth weight, mechanical properties. | CH18: Highlight the relevant areas for type, cloth weight, mechanical properties. | CY18: Highlight the relevant areas for type, cloth weight, mechanical properties. | DP18: Highlight the relevant areas for type, cloth weight, mechanical properties. | EG18: Highlight the relevant areas for type, cloth weight, mechanical properties. | EX18: Highlight the relevant areas for type, cloth weight, mechanical properties. | FO18: Highlight the relevant areas for type, cloth weight, mechanical properties. | GF18: Highlight the relevant areas for type, cloth weight, mechanical properties. | GW18: Highlight the relevant areas for type, cloth weight, mechanical properties. | HN18: Highlight the relevant areas for type, cloth weight, mechanical properties. | IE18: Highlight the relevant areas for type, cloth weight, mechanical properties. | IV18: Highlight the relevant areas for type, cloth weight, mechanical properties. | JM18: Highlight the relevant areas for type, cloth weight, mechanical properties. | KD18: Highlight the relevant areas for type, cloth weight, mechanical properties. | KU18: Highlight the relevant areas for type, cloth weight, mechanical properties. | LL18: Highlight the relevant areas for type, cloth weight, mechanical properties. | MC18: =GW5 -> Your Material 13 | MD18: =HE7 -> Carbon Fiber | ME18: =HE9 -> Unidirectional | MF18: {=IF( ISNUMBER(SEARCH("core", MD18)), "", INDIRECT(ADDRESS(11, 9 + (ROW(A13)-1)*17)) )} -> 200
MC19: =HN5 -> Your Material 14 | MD19: =HV7 -> Carbon Fiber | ME19: =HV9 -> Unidirectional | MF19: {=IF( ISNUMBER(SEARCH("core", MD19)), "", INDIRECT(ADDRESS(11, 9 + (ROW(A14)-1)*17)) )} -> 200
MC20: =IE5 -> Your Material 15 | MD20: =IM7 -> Carbon Fiber | ME20: =IM9 -> Unidirectional | MF20: {=IF( ISNUMBER(SEARCH("core", MD20)), "", INDIRECT(ADDRESS(11, 9 + (ROW(A15)-1)*17)) )} -> 200
MC21: =IV5 -> Your Material 16 | MD21: =JD7 -> Carbon Fiber | ME21: =JD9 -> Unidirectional | MF21: {=IF( ISNUMBER(SEARCH("core", MD21)), "", INDIRECT(ADDRESS(11, 9 + (ROW(A16)-1)*17)) )} -> 200
MC22: =JM5 -> Your Material 17 | MD22: =JU7 -> Carbon Fiber | ME22: =JU9 -> Unidirectional | MF22: {=IF( ISNUMBER(SEARCH("core", MD22)), "", INDIRECT(ADDRESS(11, 9 + (ROW(A17)-1)*17)) )} -> 200
MC23: =KD5 -> Your Material 18 | MD23: =KL7 -> Carbon Fiber | ME23: =KL9 -> Unidirectional | MF23: {=IF( ISNUMBER(SEARCH("core", MD23)), "", INDIRECT(ADDRESS(11, 9 + (ROW(A18)-1)*17)) )} -> 200
MC24: =KU5 -> Your Material 19 | MD24: =LC7 -> Carbon Fiber | ME24: =LC9 -> Unidirectional | MF24: {=IF( ISNUMBER(SEARCH("core", MD24)), "", INDIRECT(ADDRESS(11, 9 + (ROW(A19)-1)*17)) )} -> 200
MC25: =LL5 -> Your Material 20 | MD25: =LT7 -> Carbon Fiber | ME25: =LT9 -> Unidirectional | MF25: {=IF( ISNUMBER(SEARCH("core", MD25)), "", INDIRECT(ADDRESS(11, 9 + (ROW(A20)-1)*17)) )} -> 200

Sheet Laminate Table
A1: =CONCATENATE(Read_Me!A1," FS SES ",Read_Me!B1," - Laminate Table") -> 2026 FS SES V1.3 - Laminate Table
A3: University Name | D3: =IF('Cover Sheet'!$D$14>0,'Cover Sheet'!$D$14,"") -> OTH Amberg-Weiden | I3: Car No.(s) & Event(s) | M3: =IF('Cover Sheet'!$O$14>0,'Cover Sheet'!$O$14,"") -> FSA E32; FSG 23; FSP E23 | R3: University Name | U3: =IF('Cover Sheet'!$D$14>0,'Cover Sheet'!$D$14,"") -> OTH Amberg-Weiden | Z3: Car No.(s) & Event(s) | AD3: =IF('Cover Sheet'!$O$14>0,'Cover Sheet'!$O$14,"") -> FSA E32; FSG 23; FSP E23 | AI3: University Name | AL3: =IF('Cover Sheet'!$D$14>0,'Cover Sheet'!$D$14,"") -> OTH Amberg-Weiden | AQ3: Car No.(s) & Event(s) | AU3: =IF('Cover Sheet'!$O$14>0,'Cover Sheet'!$O$14,"") -> FSA E32; FSG 23; FSP E23 | AZ3: University Name | BC3: =IF('Cover Sheet'!$D$14>0,'Cover Sheet'!$D$14,"") -> OTH Amberg-Weiden | BH3: Car No.(s) & Event(s) | BL3: =IF('Cover Sheet'!$O$14>0,'Cover Sheet'!$O$14,"") -> FSA E32; FSG 23; FSP E23 | BQ3: University Name | BT3: =IF('Cover Sheet'!$D$14>0,'Cover Sheet'!$D$14,"") -> OTH Amberg-Weiden | BY3: Car No.(s) & Event(s) | CC3: =IF('Cover Sheet'!$O$14>0,'Cover Sheet'!$O$14,"") -> FSA E32; FSG 23; FSP E23 | CH3: University Name | CK3: =IF('Cover Sheet'!$D$14>0,'Cover Sheet'!$D$14,"") -> OTH Amberg-Weiden | CP3: Car No.(s) & Event(s) | CT3: =IF('Cover Sheet'!$O$14>0,'Cover Sheet'!$O$14,"") -> FSA E32; FSG 23; FSP E23 | CY3: University Name | DB3: =IF('Cover Sheet'!$D$14>0,'Cover Sheet'!$D$14,"") -> OTH Amberg-Weiden | DG3: Car No.(s) & Event(s) | DK3: =IF('Cover Sheet'!$O$14>0,'Cover Sheet'!$O$14,"") -> FSA E32; FSG 23; FSP E23 | DP3: University Name | DS3: =IF('Cover Sheet'!$D$14>0,'Cover Sheet'!$D$14,"") -> OTH Amberg-Weiden | DX3: Car No.(s) & Event(s) | EB3: =IF('Cover Sheet'!$O$14>0,'Cover Sheet'!$O$14,"") -> FSA E32; FSG 23; FSP E23 | EG3: University Name | EJ3: =IF('Cover Sheet'!$D$14>0,'Cover Sheet'!$D$14,"") -> OTH Amberg-Weiden | EO3: Car No.(s) & Event(s) | ES3: =IF('Cover Sheet'!$O$14>0,'Cover Sheet'!$O$14,"") -> FSA E32; FSG 23; FSP E23 | EX3: University Name | FA3: =IF('Cover Sheet'!$D$14>0,'Cover Sheet'!$D$14,"") -> OTH Amberg-Weiden | FF3: Car No.(s) & Event(s) | FJ3: =IF('Cover Sheet'!$O$14>0,'Cover Sheet'!$O$14,"") -> FSA E32; FSG 23; FSP E23 | FO3: University Name | FR3: =IF('Cover Sheet'!$D$14>0,'Cover Sheet'!$D$14,"") -> OTH Amberg-Weiden | FW3: Car No.(s) & Event(s) | GA3: =IF('Cover Sheet'!$O$14>0,'Cover Sheet'!$O$14,"") -> FSA E32; FSG 23; FSP E23 | GF3: University Name | GI3: =IF('Cover Sheet'!$D$14>0,'Cover Sheet'!$D$14,"") -> OTH Amberg-Weiden | GN3: Car No.(s) & Event(s) | GR3: =IF('Cover Sheet'!$O$14>0,'Cover Sheet'!$O$14,"") -> FSA E32; FSG 23; FSP E23 | GW3: University Name | GZ3: =IF('Cover Sheet'!$D$14>0,'Cover Sheet'!$D$14,"") -> OTH Amberg-Weiden | HE3: Car No.(s) & Event(s) | HI3: =IF('Cover Sheet'!$O$14>0,'Cover Sheet'!$O$14,"") -> FSA E32; FSG 23; FSP E23 | HN3: University Name | HQ3: =IF('Cover Sheet'!$D$14>0,'Cover Sheet'!$D$14,"") -> OTH Amberg-Weiden | HV3: Car No.(s) & Event(s) | HZ3: =IF('Cover Sheet'!$O$14>0,'Cover Sheet'!$O$14,"") -> FSA E32; FSG 23; FSP E23 | IE3: University Name | IH3: =IF('Cover Sheet'!$D$14>0,'Cover Sheet'!$D$14,"") -> OTH Amberg-Weiden | IM3: Car No.(s) & Event(s) | IQ3: =IF('Cover Sheet'!$O$14>0,'Cover Sheet'!$O$14,"") -> FSA E32; FSG 23; FSP E23
A5: Vertical Side Impact Structure | R5: Front Bulkhead Support | AI5: Front Bulkhead | AZ5: SIS Floor | BQ5: SHB | CH5: TSPS Side | CY5: TSPS Floor | DP5: ACPS | EG5: Non SES | EX5: MHBS Mid/Low | FO5: Layup 11 | GF5: Layup 12 | GW5: Layup 13 | HN5: Layup 14 | IE5: Layup 15
A7: Thickness [mm] | I7: 1.4 | R7: Thickness [mm] | Z7: 1.2 | AI7: Thickness [mm] | AQ7: 2.75 | AZ7: Thickness [mm] | BH7: 1.15 | BQ7: Thickness [mm] | BY7: 1 | CH7: Thickness [mm] | CP7: 1.035 | CY7: Thickness [mm] | DG7: 0.85 | DP7: Thickness [mm] | DX7: 2.35 | EG7: Thickness [mm] | EO7: 1 | EX7: Thickness [mm] | FF7: 1 | FO7: Thickness [mm] | GF7: Thickness [mm] | GW7: Thickness [mm] | HN7: Thickness [mm] | IE7: Thickness [mm]
A9: Symmetric Layup? | I9: No | R9: Symmetric Layup? | Z9: Yes | AI9: Symmetric Layup? | AQ9: Yes | AZ9: Symmetric Layup? | BH9: No | BQ9: Symmetric Layup? | BY9: Yes | CH9: Symmetric Layup? | CP9: No | CY9: Symmetric Layup? | DG9: No | DP9: Symmetric Layup? | DX9: No | EG9: Symmetric Layup? | EO9: Yes | EX9: Symmetric Layup? | FF9: Yes | FO9: Symmetric Layup? | FW9: No | GF9: Symmetric Layup? | GN9: No | GW9: Symmetric Layup? | HE9: No | HN9: Symmetric Layup? | HV9: No | IE9: Symmetric Layup? | IM9: No
A11: Total Cloth Weight [gsm] | I11: =SUM(L17:N66)*IF(I9="Yes",2,1) -> 2780 | R11: Total Cloth Weight [gsm] | Z11: =SUM(AC17:AE66)*IF(Z9="Yes",2,1) -> 2440 | AI11: Total Cloth Weight [gsm] | AQ11: =SUM(AT17:AV66)*IF(AQ9="Yes",2,1) -> 4190 | AZ11: Total Cloth Weight [gsm] | BH11: =SUM(BK17:BM66)*IF(BH9="Yes",2,1) -> 2440 | BQ11: Total Cloth Weight [gsm] | BY11: =SUM(CB17:CD66)*IF(BY9="Yes",2,1) -> 2640 | CH11: Total Cloth Weight [gsm] | CP11: =SUM(CS17:CU66)*IF(CP9="Yes",2,1) -> 2780 | CY11: Total Cloth Weight [gsm] | DG11: =SUM(DJ17:DL66)*IF(DG9="Yes",2,1) -> 3040 | DP11: Total Cloth Weight [gsm] | DX11: =SUM(EA17:EC66)*IF(DX9="Yes",2,1) -> 2910 | EG11: Total Cloth Weight [gsm] | EO11: =SUM(ER17:ET66)*IF(EO9="Yes",2,1) -> 1440 | EX11: Total Cloth Weight [gsm] | FF11: =SUM(FI17:FK66)*IF(FF9="Yes",2,1) -> 2840 | FO11: Total Cloth Weight [gsm] | FW11: =SUM(FZ17:GB66)*IF(FW9="Yes",2,1) -> 0 | GF11: Total Cloth Weight [gsm] | GN11: =SUM(GQ17:GS66)*IF(GN9="Yes",2,1) -> 0 | GW11: Total Cloth Weight [gsm] | HE11: =SUM(HH17:HJ66)*IF(HE9="Yes",2,1) -> 0 | HN11: Total Cloth Weight [gsm] | HV11: =SUM(HY17:IA66)*IF(HV9="Yes",2,1) -> 0 | IE11: Total Cloth Weight [gsm] | IM11: =SUM(IP17:IR66)*IF(IM9="Yes",2,1) -> 0
A13: T 3.4.3 compliant? | I13: =MAX(I69:I248)/IF(I9="Yes",1/2*I11,I11) -> 0.43165468 | M13: =IF(I13>0.5,"FAIL","PASS") -> PASS | R13: T 3.4.3 compliant? | Z13: =MAX(Z69:Z248)/IF(Z9="Yes",1/2*Z11,Z11) -> 0.49180328 | AD13: =IF(Z13>0.5,"FAIL","PASS") -> PASS | AI13: T 3.4.3 compliant? | AQ13: =MAX(AQ69:AQ248)/IF(AQ9="Yes",1/2*AQ11,AQ11) -> 0.23031026 | AU13: =IF(AQ13>0.5,"FAIL","PASS") -> PASS | AZ13: T 3.4.3 compliant? | BH13: =MAX(BH69:BH248)/IF(BH9="Yes",1/2*BH11,BH11) -> 0.49180328 | BL13: =IF(BH13>0.5,"FAIL","PASS") -> PASS | BQ13: T 3.4.3 compliant? | BY13: =MAX(BY69:BY248)/IF(BY9="Yes",1/2*BY11,BY11) -> 0.3030303 | CC13: =IF(BY13>0.5,"FAIL","PASS") -> PASS | CH13: T 3.4.3 compliant? | CP13: =MAX(CP69:CP248)/IF(CP9="Yes",1/2*CP11,CP11) -> 0.43165468 | CT13: =IF(CP13>0.5,"FAIL","PASS") -> PASS | CY13: T 3.4.3 compliant? | DG13: =MAX(DG69:DG248)/IF(DG9="Yes",1/2*DG11,DG11) -> 0.49342105 | DK13: =IF(DG13>0.5,"FAIL","PASS") -> PASS | DP13: T 3.4.3 compliant? | DX13: =MAX(DX69:DX248)/IF(DX9="Yes",1/2*DX11,DX11) -> 0.25257732 | EB13: =IF(DX13>0.5,"FAIL","PASS") -> PASS | EG13: T 3.4.3 compliant? | EO13: =MAX(EO69:EO248)/IF(EO9="Yes",1/2*EO11,EO11) -> 0.27777778 | ES13: =IF(EO13>0.5,"FAIL","PASS") -> PASS | EX13: T 3.4.3 compliant? | FF13: =MAX(FF69:FF248)/IF(FF9="Yes",1/2*FF11,FF11) -> 0.35211268 | FJ13: =IF(FF13>0.5,"FAIL","PASS") -> PASS | FO13: T 3.4.3 compliant? | FW13: =MAX(FW69:FW248)/IF(FW9="Yes",1/2*FW11,FW11) -> #DIV/0! | GA13: =IF(FW13>0.5,"FAIL","PASS") -> #DIV/0! | GF13: T 3.4.3 compliant? | GN13: =MAX(GN69:GN248)/IF(GN9="Yes",1/2*GN11,GN11) -> #DIV/0! | GR13: =IF(GN13>0.5,"FAIL","PASS") -> #DIV/0! | GW13: T 3.4.3 compliant? | HE13: =MAX(HE69:HE248)/IF(HE9="Yes",1/2*HE11,HE11) -> #DIV/0! | HI13: =IF(HE13>0.5,"FAIL","PASS") -> #DIV/0! | HN13: T 3.4.3 compliant? | HV13: =MAX(HV69:HV248)/IF(HV9="Yes",1/2*HV11,HV11) -> #DIV/0! | HZ13: =IF(HV13>0.5,"FAIL","PASS") -> #DIV/0! | IE13: T 3.4.3 compliant? | IM13: =MAX(IM69:IM248)/IF(IM9="Yes",1/2*IM11,IM11) -> #DIV/0! | IQ13: =IF(IM13>0.5,"FAIL","PASS") -> #DIV/0!
A15: Ply | C15: Material | I15: Type | L15: Cloth Weight [gsm] | O15: Angle [°] | R15: Ply | T15: Material | Z15: Type | AC15: Cloth Weight [gsm] | AF15: Angle [°] | AI15: Ply | AK15: Material | AQ15: Type | AT15: Cloth Weight [gsm] | AW15: Angle [°] | AZ15: Ply | BB15: Material | BH15: Type | BK15: Cloth Weight [gsm] | BN15: Angle [°] | BQ15: Ply | BS15: Material | BY15: Type | CB15: Cloth Weight [gsm] | CE15: Angle [°] | CH15: Ply | CJ15: Material | CP15: Type | CS15: Cloth Weight [gsm] | CV15: Angle [°] | CY15: Ply | DA15: Material | DG15: Type | DJ15: Cloth Weight [gsm] | DM15: Angle [°] | DP15: Ply | DR15: Material | DX15: Type | EA15: Cloth Weight [gsm] | ED15: Angle [°] | EG15: Ply | EI15: Material | EO15: Type | ER15: Cloth Weight [gsm] | EU15: Angle [°] | EX15: Ply | EZ15: Material | FF15: Type | FI15: Cloth Weight [gsm] | FL15: Angle [°] | FO15: Ply | FQ15: Material | FW15: Type | FZ15: Cloth Weight [gsm] | GC15: Angle [°] | GF15: Ply | GH15: Material | GN15: Type | GQ15: Cloth Weight [gsm] | GT15: Angle [°] | GW15: Ply | GY15: Material | HE15: Type | HH15: Cloth Weight [gsm] | HK15: Angle [°] | HN15: Ply | HP15: Material | HV15: Type | HY15: Cloth Weight [gsm] | IB15: Angle [°] | IE15: Ply | IG15: Material | IM15: Type | IP15: Cloth Weight [gsm] | IS15: Angle [°]
A17: 1 | C17: T700 Fabric | I17: =IFERROR(VLOOKUP(C17,'Composite Datasheets'!$MC$6:$MF$25,3,0),"") -> Bidirectional | L17: =_xlfn.XLOOKUP(C17,'Composite Datasheets'!$MC$6:$MC$25,'Composite Datasheets'!$MF$6:$MF$25,"") -> 285 | O17: 45 | R17: 1 | T17: M40J Fabric | Z17: =IFERROR(VLOOKUP(T17,'Composite Datasheets'!$MC$6:$MF$25,3,0),"") -> Bidirectional | AC17: =_xlfn.XLOOKUP(T17,'Composite Datasheets'!$MC$6:$MC$25,'Composite Datasheets'!$MF$6:$MF$25,"") -> 200 | AF17: 45 | AI17: 1 | AK17: T700 Fabric | AQ17: =IFERROR(VLOOKUP(AK17,'Composite Datasheets'!$MC$6:$MF$25,3,0),"") -> Bidirectional | AT17: =_xlfn.XLOOKUP(AK17,'Composite Datasheets'!$MC$6:$MC$25,'Composite Datasheets'!$MF$6:$MF$25,"") -> 285 | AW17: 45 | AZ17: 1 | BB17: M40J Fabric | BH17: =IFERROR(VLOOKUP(BB17,'Composite Datasheets'!$MC$6:$MF$25,3,0),"") -> Bidirectional | BK17: =_xlfn.XLOOKUP(BB17,'Composite Datasheets'!$MC$6:$MC$25,'Composite Datasheets'!$MF$6:$MF$25,"") -> 200 | BN17: 45 | BQ17: 1 | BS17: M40J Fabric | BY17: =IFERROR(VLOOKUP(BS17,'Composite Datasheets'!$MC$6:$MF$25,3,0),"") -> Bidirectional | CB17: =_xlfn.XLOOKUP(BS17,'Composite Datasheets'!$MC$6:$MC$25,'Composite Datasheets'!$MF$6:$MF$25,"") -> 200 | CE17: 0 | CH17: 1 | CJ17: T700 Fabric | CP17: =IFERROR(VLOOKUP(CJ17,'Composite Datasheets'!$MC$6:$MF$25,3,0),"") -> Bidirectional | CS17: =_xlfn.XLOOKUP(CJ17,'Composite Datasheets'!$MC$6:$MC$25,'Composite Datasheets'!$MF$6:$MF$25,"") -> 285 | CV17: 45 | CY17: 1 | DA17: M40J Fabric | DG17: =IFERROR(VLOOKUP(DA17,'Composite Datasheets'!$MC$6:$MF$25,3,0),"") -> Bidirectional | DJ17: =_xlfn.XLOOKUP(DA17,'Composite Datasheets'!$MC$6:$MC$25,'Composite Datasheets'!$MF$6:$MF$25,"") -> 200 | DM17: 45 | DP17: 1 | DR17: T700 Fabric | DX17: =IFERROR(VLOOKUP(DR17,'Composite Datasheets'!$MC$6:$MF$25,3,0),"") -> Bidirectional | EA17: =_xlfn.XLOOKUP(DR17,'Composite Datasheets'!$MC$6:$MC$25,'Composite Datasheets'!$MF$6:$MF$25,"") -> 285 | ED17: 45 | EG17: 1 | EI17: M40J Fabric | EO17: =IFERROR(VLOOKUP(EI17,'Composite Datasheets'!$MC$6:$MF$25,3,0),"") -> Bidirectional | ER17: =_xlfn.XLOOKUP(EI17,'Composite Datasheets'!$MC$6:$MC$25,'Composite Datasheets'!$MF$6:$MF$25,"") -> 200 | EU17: 45 | EX17: 1 | EZ17: M40J Fabric | FF17: =IFERROR(VLOOKUP(EZ17,'Composite Datasheets'!$MC$6:$MF$25,3,0),"") -> Bidirectional | FI17: =_xlfn.XLOOKUP(EZ17,'Composite Datasheets'!$MC$6:$MC$25,'Composite Datasheets'!$MF$6:$MF$25,"") -> 200 | FL17: 45 | FO17: 1 | FQ17: Your Material 1 | FW17: =IFERROR(VLOOKUP(FQ17,'Composite Datasheets'!$MC$6:$MF$25,3,0),"") | FZ17: =_xlfn.XLOOKUP(FQ17,'Composite Datasheets'!$MC$6:$MC$25,'Composite Datasheets'!$MF$6:$MF$25,"") | GC17: 60 | GF17: 1 | GH17: Your Material 1 | GN17: =IFERROR(VLOOKUP(GH17,'Composite Datasheets'!$MC$6:$MF$25,3,0),"") | GQ17: =_xlfn.XLOOKUP(GH17,'Composite Datasheets'!$MC$6:$MC$25,'Composite Datasheets'!$MF$6:$MF$25,"") | GT17: 60 | GW17: 1 | GY17: Your Material 1 | HE17: =IFERROR(VLOOKUP(GY17,'Composite Datasheets'!$MC$6:$MF$25,3,0),"") | HH17: =_xlfn.XLOOKUP(GY17,'Composite Datasheets'!$MC$6:$MC$25,'Composite Datasheets'!$MF$6:$MF$25,"") | HK17: 60 | HN17: 1 | HP17: Your Material 1 | HV17: =IFERROR(VLOOKUP(HP17,'Composite Datasheets'!$MC$6:$MF$25,3,0),"") | HY17: =_xlfn.XLOOKUP(HP17,'Composite Datasheets'!$MC$6:$MC$25,'Composite Datasheets'!$MF$6:$MF$25,"") | IB17: 60 | IE17: 1 | IG17: Your Material 1 | IM17: =IFERROR(VLOOKUP(IG17,'Composite Datasheets'!$MC$6:$MF$25,3,0),"") | IP17: =_xlfn.XLOOKUP(IG17,'Composite Datasheets'!$MC$6:$MC$25,'Composite Datasheets'!$MF$6:$MF$25,"") | IS17: 60
A18: 2 | C18: M40J UD | I18: =IFERROR(VLOOKUP(C18,'Composite Datasheets'!$MC$6:$MF$25,3,0),"") -> Unidirectional | L18: =_xlfn.XLOOKUP(C18,'Composite Datasheets'!$MC$6:$MC$25,'Composite Datasheets'!$MF$6:$MF$25,"") -> 200 | O18: 0 | R18: 2 | T18: M40J UD | Z18: =IFERROR(VLOOKUP(T18,'Composite Datasheets'!$MC$6:$MF$25,3,0),"") -> Unidirectional | AC18: =_xlfn.XLOOKUP(T18,'Composite Datasheets'!$MC$6:$MC$25,'Composite Datasheets'!$MF$6:$MF$25,"") -> 200 | AF18: -21 | AI18: 2 | AK18: M40J UD | AQ18: =IFERROR(VLOOKUP(AK18,'Composite Datasheets'!$MC$6:$MF$25,3,0),"") -> Unidirectional | AT18: =_xlfn.XLOOKUP(AK18,'Composite Datasheets'!$MC$6:$MC$25,'Composite Datasheets'!$MF$6:$MF$25,"") -> 200 | AW18: -21 | AZ18: 2 | BB18: M40J UD | BH18: =IFERROR(VLOOKUP(BB18,'Composite Datasheets'!$MC$6:$MF$25,3,0),"") -> Unidirectional | BK18: =_xlfn.XLOOKUP(BB18,'Composite Datasheets'!$MC$6:$MC$25,'Composite Datasheets'!$MF$6:$MF$25,"") -> 200 | BN18: 0 | BQ18: 2 | BS18: M40J UD | BY18: =IFERROR(VLOOKUP(BS18,'Composite Datasheets'!$MC$6:$MF$25,3,0),"") -> Unidirectional | CB18: =_xlfn.XLOOKUP(BS18,'Composite Datasheets'!$MC$6:$MC$25,'Composite Datasheets'!$MF$6:$MF$25,"") -> 200 | CE18: -66 | CH18: 2 | CJ18: M40J UD | CP18: =IFERROR(VLOOKUP(CJ18,'Composite Datasheets'!$MC$6:$MF$25,3,0),"") -> Unidirectional | CS18: =_xlfn.XLOOKUP(CJ18,'Composite Datasheets'!$MC$6:$MC$25,'Composite Datasheets'!$MF$6:$MF$25,"") -> 200 | CV18: 0 | CY18: 2 | DA18: M40J Fabric | DG18: =IFERROR(VLOOKUP(DA18,'Composite Datasheets'!$MC$6:$MF$25,3,0),"") -> Bidirectional | DJ18: =_xlfn.XLOOKUP(DA18,'Composite Datasheets'!$MC$6:$MC$25,'Composite Datasheets'!$MF$6:$MF$25,"") -> 200 | DM18: 0 | DP18: 2 | DR18: M40J UD | DX18: =IFERROR(VLOOKUP(DR18,'Composite Datasheets'!$MC$6:$MF$25,3,0),"") -> Unidirectional | EA18: =_xlfn.XLOOKUP(DR18,'Composite Datasheets'!$MC$6:$MC$25,'Composite Datasheets'!$MF$6:$MF$25,"") -> 200 | ED18: -21 | EG18: 2 | EI18: T800S UD | EO18: =IFERROR(VLOOKUP(EI18,'Composite Datasheets'!$MC$6:$MF$25,3,0),"") -> Unidirectional | ER18: =_xlfn.XLOOKUP(EI18,'Composite Datasheets'!$MC$6:$MC$25,'Composite Datasheets'!$MF$6:$MF$25,"") -> 150 | EU18: 21 | EX18: 2 | EZ18: M40J UD | FF18: =IFERROR(VLOOKUP(EZ18,'Composite Datasheets'!$MC$6:$MF$25,3,0),"") -> Unidirectional | FI18: =_xlfn.XLOOKUP(EZ18,'Composite Datasheets'!$MC$6:$MC$25,'Composite Datasheets'!$MF$6:$MF$25,"") -> 200 | FL18: -21 | FO18: 2 | FQ18: Your Material 2 | FW18: =IFERROR(VLOOKUP(FQ18,'Composite Datasheets'!$MC$6:$MF$25,3,0),"") | FZ18: =_xlfn.XLOOKUP(FQ18,'Composite Datasheets'!$MC$6:$MC$25,'Composite Datasheets'!$MF$6:$MF$25,"") | GC18: 45 | GF18: 2 | GH18: Your Material 2 | GN18: =IFERROR(VLOOKUP(GH18,'Composite Datasheets'!$MC$6:$MF$25,3,0),"") | GQ18: =_xlfn.XLOOKUP(GH18,'Composite Datasheets'!$MC$6:$MC$25,'Composite Datasheets'!$MF$6:$MF$25,"") | GT18: 45 | GW18: 2 | GY18: Your Material 2 | HE18: =IFERROR(VLOOKUP(GY18,'Composite Datasheets'!$MC$6:$MF$25,3,0),"") | HH18: =_xlfn.XLOOKUP(GY18,'Composite Datasheets'!$MC$6:$MC$25,'Composite Datasheets'!$MF$6:$MF$25,"") | HK18: 45 | HN18: 2 | HP18: Your Material 2 | HV18: =IFERROR(VLOOKUP(HP18,'Composite Datasheets'!$MC$6:$MF$25,3,0),"") | HY18: =_xlfn.XLOOKUP(HP18,'Composite Datasheets'!$MC$6:$MC$25,'Composite Datasheets'!$MF$6:$MF$25,"") | IB18: 45 | IE18: 2 | IG18: Your Material 2 | IM18: =IFERROR(VLOOKUP(IG18,'Composite Datasheets'!$MC$6:$MF$25,3,0),"") | IP18: =_xlfn.XLOOKUP(IG18,'Composite Datasheets'!$MC$6:$MC$25,'Composite Datasheets'!$MF$6:$MF$25,"") | IS18: 45
A19: 3 | C19: M40J UD | I19: =IFERROR(VLOOKUP(C19,'Composite Datasheets'!$MC$6:$MF$25,3,0),"") -> Unidirectional | L19: =_xlfn.XLOOKUP(C19,'Composite Datasheets'!$MC$6:$MC$25,'Composite Datasheets'!$MF$6:$MF$25,"") -> 200 | O19: 0 | R19: 3 | T19: M40J UD | Z19: =IFERROR(VLOOKUP(T19,'Composite Datasheets'!$MC$6:$MF$25,3,0),"") -> Unidirectional | AC19: =_xlfn.XLOOKUP(T19,'Composite Datasheets'!$MC$6:$MC$25,'Composite Datasheets'!$MF$6:$MF$25,"") -> 200 | AF19: 0 | AI19: 3 | AK19: M40J UD | AQ19: =IFERROR(VLOOKUP(AK19,'Composite Datasheets'!$MC$6:$MF$25,3,0),"") -> Unidirectional | AT19: =_xlfn.XLOOKUP(AK19,'Composite Datasheets'!$MC$6:$MC$25,'Composite Datasheets'!$MF$6:$MF$25,"") -> 200 | AW19: 0 | AZ19: 3 | BB19: M40J UD | BH19: =IFERROR(VLOOKUP(BB19,'Composite Datasheets'!$MC$6:$MF$25,3,0),"") -> Unidirectional | BK19: =_xlfn.XLOOKUP(BB19,'Composite Datasheets'!$MC$6:$MC$25,'Composite Datasheets'!$MF$6:$MF$25,"") -> 200 | BN19: 0 | BQ19: 3 | BS19: M40J UD | BY19: =IFERROR(VLOOKUP(BS19,'Composite Datasheets'!$MC$6:$MF$25,3,0),"") -> Unidirectional | CB19: =_xlfn.XLOOKUP(BS19,'Composite Datasheets'!$MC$6:$MC$25,'Composite Datasheets'!$MF$6:$MF$25,"") -> 200 | CE19: -45 | CH19: 3 | CJ19: M40J UD | CP19: =IFERROR(VLOOKUP(CJ19,'Composite Datasheets'!$MC$6:$MF$25,3,0),"") -> Unidirectional | CS19: =_xlfn.XLOOKUP(CJ19,'Composite Datasheets'!$MC$6:$MC$25,'Composite Datasheets'!$MF$6:$MF$25,"") -> 200 | CV19: 0 | CY19: 3 | DA19: M40J UD | DG19: =IFERROR(VLOOKUP(DA19,'Composite Datasheets'!$MC$6:$MF$25,3,0),"") -> Unidirectional | DJ19: =_xlfn.XLOOKUP(DA19,'Composite Datasheets'!$MC$6:$MC$25,'Composite Datasheets'!$MF$6:$MF$25,"") -> 200 | DM19: 0 | DP19: 3 | DR19: M40J UD | DX19: =IFERROR(VLOOKUP(DR19,'Composite Datasheets'!$MC$6:$MF$25,3,0),"") -> Unidirectional | EA19: =_xlfn.XLOOKUP(DR19,'Composite Datasheets'!$MC$6:$MC$25,'Composite Datasheets'!$MF$6:$MF$25,"") -> 200 | ED19: 0 | EG19: 3 | EI19: T800S UD | EO19: =IFERROR(VLOOKUP(EI19,'Composite Datasheets'!$MC$6:$MF$25,3,0),"") -> Unidirectional | ER19: =_xlfn.XLOOKUP(EI19,'Composite Datasheets'!$MC$6:$MC$25,'Composite Datasheets'!$MF$6:$MF$25,"") -> 150 | EU19: -21 | EX19: 3 | EZ19: M40J UD | FF19: =IFERROR(VLOOKUP(EZ19,'Composite Datasheets'!$MC$6:$MF$25,3,0),"") -> Unidirectional | FI19: =_xlfn.XLOOKUP(EZ19,'Composite Datasheets'!$MC$6:$MC$25,'Composite Datasheets'!$MF$6:$MF$25,"") -> 200 | FL19: 0 | FO19: 3 | FQ19: Your Material 3 | FW19: =IFERROR(VLOOKUP(FQ19,'Composite Datasheets'!$MC$6:$MF$25,3,0),"") | FZ19: =_xlfn.XLOOKUP(FQ19,'Composite Datasheets'!$MC$6:$MC$25,'Composite Datasheets'!$MF$6:$MF$25,"") | GC19: 0 | GF19: 3 | GH19: Your Material 3 | GN19: =IFERROR(VLOOKUP(GH19,'Composite Datasheets'!$MC$6:$MF$25,3,0),"") | GQ19: =_xlfn.XLOOKUP(GH19,'Composite Datasheets'!$MC$6:$MC$25,'Composite Datasheets'!$MF$6:$MF$25,"") | GT19: 0 | GW19: 3 | GY19: Your Material 3 | HE19: =IFERROR(VLOOKUP(GY19,'Composite Datasheets'!$MC$6:$MF$25,3,0),"") | HH19: =_xlfn.XLOOKUP(GY19,'Composite Datasheets'!$MC$6:$MC$25,'Composite Datasheets'!$MF$6:$MF$25,"") | HK19: 0 | HN19: 3 | HP19: Your Material 3 | HV19: =IFERROR(VLOOKUP(HP19,'Composite Datasheets'!$MC$6:$MF$25,3,0),"") | HY19: =_xlfn.XLOOKUP(HP19,'Composite Datasheets'!$MC$6:$MC$25,'Composite Datasheets'!$MF$6:$MF$25,"") | IB19: 0 | IE19: 3 | IG19: Your Material 3 | IM19: =IFERROR(VLOOKUP(IG19,'Composite Datasheets'!$MC$6:$MF$25,3,0),"") | IP19: =_xlfn.XLOOKUP(IG19,'Composite Datasheets'!$MC$6:$MC$25,'Composite Datasheets'!$MF$6:$MF$25,"") | IS19: 0
A20: 4 | C20: M40J UD | I20: =IFERROR(VLOOKUP(C20,'Composite Datasheets'!$MC$6:$MF$25,3,0),"") -> Unidirectional | L20: =_xlfn.XLOOKUP(C20,'Composite Datasheets'!$MC$6:$MC$25,'Composite Datasheets'!$MF$6:$MF$25,"") -> 200 | O20: 0 | R20: 4 | T20: M40J UD | Z20: =IFERROR(VLOOKUP(T20,'Composite Datasheets'!$MC$6:$MF$25,3,0),"") -> Unidirectional | AC20: =_xlfn.XLOOKUP(T20,'Composite Datasheets'!$MC$6:$MC$25,'Composite Datasheets'!$MF$6:$MF$25,"") -> 200 | AF20: 21 | AI20: 4 | AK20: M40J UD | AQ20: =IFERROR(VLOOKUP(AK20,'Composite Datasheets'!$MC$6:$MF$25,3,0),"") -> Unidirectional | AT20: =_xlfn.XLOOKUP(AK20,'Composite Datasheets'!$MC$6:$MC$25,'Composite Datasheets'!$MF$6:$MF$25,"") -> 200 | AW20: 21 | AZ20: 4 | BB20: M40J UD | BH20: =IFERROR(VLOOKUP(BB20,'Composite Datasheets'!$MC$6:$MF$25,3,0),"") -> Unidirectional | BK20: =_xlfn.XLOOKUP(BB20,'Composite Datasheets'!$MC$6:$MC$25,'Composite Datasheets'!$MF$6:$MF$25,"") -> 200 | BN20: 0 | BQ20: 4 | BS20: M40J UD | BY20: =IFERROR(VLOOKUP(BS20,'Composite Datasheets'!$MC$6:$MF$25,3,0),"") -> Unidirectional | CB20: =_xlfn.XLOOKUP(BS20,'Composite Datasheets'!$MC$6:$MC$25,'Composite Datasheets'!$MF$6:$MF$25,"") -> 200 | CE20: 66 | CH20: 4 | CJ20: M40J UD | CP20: =IFERROR(VLOOKUP(CJ20,'Composite Datasheets'!$MC$6:$MF$25,3,0),"") -> Unidirectional | CS20: =_xlfn.XLOOKUP(CJ20,'Composite Datasheets'!$MC$6:$MC$25,'Composite Datasheets'!$MF$6:$MF$25,"") -> 200 | CV20: 0 | CY20: 4 | DA20: M40J UD | DG20: =IFERROR(VLOOKUP(DA20,'Composite Datasheets'!$MC$6:$MF$25,3,0),"") -> Unidirectional | DJ20: =_xlfn.XLOOKUP(DA20,'Composite Datasheets'!$MC$6:$MC$25,'Composite Datasheets'!$MF$6:$MF$25,"") -> 200 | DM20: 0 | DP20: 4 | DR20: M40J UD | DX20: =IFERROR(VLOOKUP(DR20,'Composite Datasheets'!$MC$6:$MF$25,3,0),"") -> Unidirectional | EA20: =_xlfn.XLOOKUP(DR20,'Composite Datasheets'!$MC$6:$MC$25,'Composite Datasheets'!$MF$6:$MF$25,"") -> 200 | ED20: 21 | EG20: 4 | EI20: M40J Fabric | EO20: =IFERROR(VLOOKUP(EI20,'Composite Datasheets'!$MC$6:$MF$25,3,0),"") -> Bidirectional | ER20: =_xlfn.XLOOKUP(EI20,'Composite Datasheets'!$MC$6:$MC$25,'Composite Datasheets'!$MF$6:$MF$25,"") -> 200 | EU20: 45 | EX20: 4 | EZ20: M40J UD | FF20: =IFERROR(VLOOKUP(EZ20,'Composite Datasheets'!$MC$6:$MF$25,3,0),"") -> Unidirectional | FI20: =_xlfn.XLOOKUP(EZ20,'Composite Datasheets'!$MC$6:$MC$25,'Composite Datasheets'!$MF$6:$MF$25,"") -> 200 | FL20: 21 | FO20: 4 | FQ20: Your Material 2 | FW20: =IFERROR(VLOOKUP(FQ20,'Composite Datasheets'!$MC$6:$MF$25,3,0),"") | FZ20: =_xlfn.XLOOKUP(FQ20,'Composite Datasheets'!$MC$6:$MC$25,'Composite Datasheets'!$MF$6:$MF$25,"") | GC20: -45 | GF20: 4 | GH20: Your Material 2 | GN20: =IFERROR(VLOOKUP(GH20,'Composite Datasheets'!$MC$6:$MF$25,3,0),"") | GQ20: =_xlfn.XLOOKUP(GH20,'Composite Datasheets'!$MC$6:$MC$25,'Composite Datasheets'!$MF$6:$MF$25,"") | GT20: -45 | GW20: 4 | GY20: Your Material 2 | HE20: =IFERROR(VLOOKUP(GY20,'Composite Datasheets'!$MC$6:$MF$25,3,0),"") | HH20: =_xlfn.XLOOKUP(GY20,'Composite Datasheets'!$MC$6:$MC$25,'Composite Datasheets'!$MF$6:$MF$25,"") | HK20: -45 | HN20: 4 | HP20: Your Material 2 | HV20: =IFERROR(VLOOKUP(HP20,'Composite Datasheets'!$MC$6:$MF$25,3,0),"") | HY20: =_xlfn.XLOOKUP(HP20,'Composite Datasheets'!$MC$6:$MC$25,'Composite Datasheets'!$MF$6:$MF$25,"") | IB20: -45 | IE20: 4 | IG20: Your Material 2 | IM20: =IFERROR(VLOOKUP(IG20,'Composite Datasheets'!$MC$6:$MF$25,3,0),"") | IP20: =_xlfn.XLOOKUP(IG20,'Composite Datasheets'!$MC$6:$MC$25,'Composite Datasheets'!$MF$6:$MF$25,"") | IS20: -45
A21: 5 | C21: M40J UD | I21: =IFERROR(VLOOKUP(C21,'Composite Datasheets'!$MC$6:$MF$25,3,0),"") -> Unidirectional | L21: =_xlfn.XLOOKUP(C21,'Composite Datasheets'!$MC$6:$MC$25,'Composite Datasheets'!$MF$6:$MF$25,"") -> 200 | O21: 21 | R21: 5 | T21: M40J UD | Z21: =IFERROR(VLOOKUP(T21,'Composite Datasheets'!$MC$6:$MF$25,3,0),"") -> Unidirectional | AC21: =_xlfn.XLOOKUP(T21,'Composite Datasheets'!$MC$6:$MC$25,'Composite Datasheets'!$MF$6:$MF$25,"") -> 200 | AF21: 0 | AI21: 5 | AK21: Aramid | AQ21: =IFERROR(VLOOKUP(AK21,'Composite Datasheets'!$MC$6:$MF$25,3,0),"") -> Bidirectional | AT21: =_xlfn.XLOOKUP(AK21,'Composite Datasheets'!$MC$6:$MC$25,'Composite Datasheets'!$MF$6:$MF$25,"") -> 170 | AW21: 45 | AZ21: 5 | BB21: M40J UD | BH21: =IFERROR(VLOOKUP(BB21,'Composite Datasheets'!$MC$6:$MF$25,3,0),"") -> Unidirectional | BK21: =_xlfn.XLOOKUP(BB21,'Composite Datasheets'!$MC$6:$MC$25,'Composite Datasheets'!$MF$6:$MF$25,"") -> 200 | BN21: 0 | BQ21: 5 | BS21: M40J UD | BY21: =IFERROR(VLOOKUP(BS21,'Composite Datasheets'!$MC$6:$MF$25,3,0),"") -> Unidirectional | CB21: =_xlfn.XLOOKUP(BS21,'Composite Datasheets'!$MC$6:$MC$25,'Composite Datasheets'!$MF$6:$MF$25,"") -> 200 | CE21: -45 | CH21: 5 | CJ21: M40J UD | CP21: =IFERROR(VLOOKUP(CJ21,'Composite Datasheets'!$MC$6:$MF$25,3,0),"") -> Unidirectional | CS21: =_xlfn.XLOOKUP(CJ21,'Composite Datasheets'!$MC$6:$MC$25,'Composite Datasheets'!$MF$6:$MF$25,"") -> 200 | CV21: 21 | CY21: 5 | DA21: M40J UD | DG21: =IFERROR(VLOOKUP(DA21,'Composite Datasheets'!$MC$6:$MF$25,3,0),"") -> Unidirectional | DJ21: =_xlfn.XLOOKUP(DA21,'Composite Datasheets'!$MC$6:$MC$25,'Composite Datasheets'!$MF$6:$MF$25,"") -> 200 | DM21: 0 | DP21: 5 | DR21: Zylon | DX21: =IFERROR(VLOOKUP(DR21,'Composite Datasheets'!$MC$6:$MF$25,3,0),"") -> Bidirectional | EA21: =_xlfn.XLOOKUP(DR21,'Composite Datasheets'!$MC$6:$MC$25,'Composite Datasheets'!$MF$6:$MF$25,"") -> 300 | ED21: 45 | EG21: 5 | EI21: CP | EO21: =IFERROR(VLOOKUP(EI21,'Composite Datasheets'!$MC$6:$MF$25,3,0),"") -> Other | ER21: =_xlfn.XLOOKUP(EI21,'Composite Datasheets'!$MC$6:$MC$25,'Composite Datasheets'!$MF$6:$MF$25,"") -> 20 | EX21: 5 | EZ21: M40J UD | FF21: =IFERROR(VLOOKUP(EZ21,'Composite Datasheets'!$MC$6:$MF$25,3,0),"") -> Unidirectional | FI21: =_xlfn.XLOOKUP(EZ21,'Composite Datasheets'!$MC$6:$MC$25,'Composite Datasheets'!$MF$6:$MF$25,"") -> 200 | FL21: 0 | FO21: 5 | FQ21: Your Material 1 | FW21: =IFERROR(VLOOKUP(FQ21,'Composite Datasheets'!$MC$6:$MF$25,3,0),"") | FZ21: =_xlfn.XLOOKUP(FQ21,'Composite Datasheets'!$MC$6:$MC$25,'Composite Datasheets'!$MF$6:$MF$25,"") | GC21: -60 | GF21: 5 | GH21: Your Material 1 | GN21: =IFERROR(VLOOKUP(GH21,'Composite Datasheets'!$MC$6:$MF$25,3,0),"") | GQ21: =_xlfn.XLOOKUP(GH21,'Composite Datasheets'!$MC$6:$MC$25,'Composite Datasheets'!$MF$6:$MF$25,"") | GT21: -60 | GW21: 5 | GY21: Your Material 1 | HE21: =IFERROR(VLOOKUP(GY21,'Composite Datasheets'!$MC$6:$MF$25,3,0),"") | HH21: =_xlfn.XLOOKUP(GY21,'Composite Datasheets'!$MC$6:$MC$25,'Composite Datasheets'!$MF$6:$MF$25,"") | HK21: -60 | HN21: 5 | HP21: Your Material 1 | HV21: =IFERROR(VLOOKUP(HP21,'Composite Datasheets'!$MC$6:$MF$25,3,0),"") | HY21: =_xlfn.XLOOKUP(HP21,'Composite Datasheets'!$MC$6:$MC$25,'Composite Datasheets'!$MF$6:$MF$25,"") | IB21: -60 | IE21: 5 | IG21: Your Material 1 | IM21: =IFERROR(VLOOKUP(IG21,'Composite Datasheets'!$MC$6:$MF$25,3,0),"") | IP21: =_xlfn.XLOOKUP(IG21,'Composite Datasheets'!$MC$6:$MC$25,'Composite Datasheets'!$MF$6:$MF$25,"") | IS21: -60
A22: 6 | C22: T700 Fabric | I22: =IFERROR(VLOOKUP(C22,'Composite Datasheets'!$MC$6:$MF$25,3,0),"") -> Bidirectional | L22: =_xlfn.XLOOKUP(C22,'Composite Datasheets'!$MC$6:$MC$25,'Composite Datasheets'!$MF$6:$MF$25,"") -> 285 | O22: 45 | R22: 6 | T22: M40J UD | Z22: =IFERROR(VLOOKUP(T22,'Composite Datasheets'!$MC$6:$MF$25,3,0),"") -> Unidirectional | AC22: =_xlfn.XLOOKUP(T22,'Composite Datasheets'!$MC$6:$MC$25,'Composite Datasheets'!$MF$6:$MF$25,"") -> 200 | AF22: 0 | AI22: 6 | AK22: Aramid | AQ22: =IFERROR(VLOOKUP(AK22,'Composite Datasheets'!$MC$6:$MF$25,3,0),"") -> Bidirectional | AT22: =_xlfn.XLOOKUP(AK22,'Composite Datasheets'!$MC$6:$MC$25,'Composite Datasheets'!$MF$6:$MF$25,"") -> 170 | AW22: 0 | AZ22: 6 | BB22: M40J Fabric | BH22: =IFERROR(VLOOKUP(BB22,'Composite Datasheets'!$MC$6:$MF$25,3,0),"") -> Bidirectional | BK22: =_xlfn.XLOOKUP(BB22,'Composite Datasheets'!$MC$6:$MC$25,'Composite Datasheets'!$MF$6:$MF$25,"") -> 200 | BN22: 45 | BQ22: 6 | BS22: Zylon | BY22: =IFERROR(VLOOKUP(BS22,'Composite Datasheets'!$MC$6:$MF$25,3,0),"") -> Bidirectional | CB22: =_xlfn.XLOOKUP(BS22,'Composite Datasheets'!$MC$6:$MC$25,'Composite Datasheets'!$MF$6:$MF$25,"") -> 300 | CE22: 0 | CH22: 6 | CJ22: T700 Fabric | CP22: =IFERROR(VLOOKUP(CJ22,'Composite Datasheets'!$MC$6:$MF$25,3,0),"") -> Bidirectional | CS22: =_xlfn.XLOOKUP(CJ22,'Composite Datasheets'!$MC$6:$MC$25,'Composite Datasheets'!$MF$6:$MF$25,"") -> 285 | CV22: 45 | CY22: 6 | DA22: M40J UD | DG22: =IFERROR(VLOOKUP(DA22,'Composite Datasheets'!$MC$6:$MF$25,3,0),"") -> Unidirectional | DJ22: =_xlfn.XLOOKUP(DA22,'Composite Datasheets'!$MC$6:$MC$25,'Composite Datasheets'!$MF$6:$MF$25,"") -> 200 | DM22: 0 | DP22: 6 | DR22: CP | DX22: =IFERROR(VLOOKUP(DR22,'Composite Datasheets'!$MC$6:$MF$25,3,0),"") -> Other | EA22: =_xlfn.XLOOKUP(DR22,'Composite Datasheets'!$MC$6:$MC$25,'Composite Datasheets'!$MF$6:$MF$25,"") -> 20 | ED22: 0 | EG22: 6 | EI22: Aluminum core 18 mm | EO22: =IFERROR(VLOOKUP(EI22,'Composite Datasheets'!$MC$6:$MF$25,3,0),"") -> Al Honeycomb | ER22: =_xlfn.XLOOKUP(EI22,'Composite Datasheets'!$MC$6:$MC$25,'Composite Datasheets'!$MF$6:$MF$25,"") | EX22: 6 | EZ22: M40J Fabric | FF22: =IFERROR(VLOOKUP(EZ22,'Composite Datasheets'!$MC$6:$MF$25,3,0),"") -> Bidirectional | FI22: =_xlfn.XLOOKUP(EZ22,'Composite Datasheets'!$MC$6:$MC$25,'Composite Datasheets'!$MF$6:$MF$25,"") -> 200 | FL22: 0 | FO22: 6 | FW22: =IFERROR(VLOOKUP(FQ22,'Composite Datasheets'!$MC$6:$MF$25,3,0),"") -> Other | FZ22: =_xlfn.XLOOKUP(FQ22,'Composite Datasheets'!$MC$6:$MC$25,'Composite Datasheets'!$MF$6:$MF$25,"") | GF22: 6 | GN22: =IFERROR(VLOOKUP(GH22,'Composite Datasheets'!$MC$6:$MF$25,3,0),"") -> Other | GQ22: =_xlfn.XLOOKUP(GH22,'Composite Datasheets'!$MC$6:$MC$25,'Composite Datasheets'!$MF$6:$MF$25,"") | GW22: 6 | HE22: =IFERROR(VLOOKUP(GY22,'Composite Datasheets'!$MC$6:$MF$25,3,0),"") -> Other | HH22: =_xlfn.XLOOKUP(GY22,'Composite Datasheets'!$MC$6:$MC$25,'Composite Datasheets'!$MF$6:$MF$25,"") | HN22: 6 | HV22: =IFERROR(VLOOKUP(HP22,'Composite Datasheets'!$MC$6:$MF$25,3,0),"") -> Other | HY22: =_xlfn.XLOOKUP(HP22,'Composite Datasheets'!$MC$6:$MC$25,'Composite Datasheets'!$MF$6:$MF$25,"") | IE22: 6 | IM22: =IFERROR(VLOOKUP(IG22,'Composite Datasheets'!$MC$6:$MF$25,3,0),"") -> Other | IP22: =_xlfn.XLOOKUP(IG22,'Composite Datasheets'!$MC$6:$MC$25,'Composite Datasheets'!$MF$6:$MF$25,"")
A23: 7 | C23: CP | I23: =IFERROR(VLOOKUP(C23,'Composite Datasheets'!$MC$6:$MF$25,3,0),"") -> Other | L23: =_xlfn.XLOOKUP(C23,'Composite Datasheets'!$MC$6:$MC$25,'Composite Datasheets'!$MF$6:$MF$25,"") -> 20 | O23: 0 | R23: 7 | T23: CP | Z23: =IFERROR(VLOOKUP(T23,'Composite Datasheets'!$MC$6:$MF$25,3,0),"") -> Other | AC23: =_xlfn.XLOOKUP(T23,'Composite Datasheets'!$MC$6:$MC$25,'Composite Datasheets'!$MF$6:$MF$25,"") -> 20 | AF23: 0 | AI23: 7 | AK23: Aramid | AQ23: =IFERROR(VLOOKUP(AK23,'Composite Datasheets'!$MC$6:$MF$25,3,0),"") -> Bidirectional | AT23: =_xlfn.XLOOKUP(AK23,'Composite Datasheets'!$MC$6:$MC$25,'Composite Datasheets'!$MF$6:$MF$25,"") -> 170 | AW23: 45 | AZ23: 7 | BB23: CP | BH23: =IFERROR(VLOOKUP(BB23,'Composite Datasheets'!$MC$6:$MF$25,3,0),"") -> Other | BK23: =_xlfn.XLOOKUP(BB23,'Composite Datasheets'!$MC$6:$MC$25,'Composite Datasheets'!$MF$6:$MF$25,"") -> 20 | BN23: 0 | BQ23: 7 | BS23: CP | BY23: =IFERROR(VLOOKUP(BS23,'Composite Datasheets'!$MC$6:$MF$25,3,0),"") -> Other | CB23: =_xlfn.XLOOKUP(BS23,'Composite Datasheets'!$MC$6:$MC$25,'Composite Datasheets'!$MF$6:$MF$25,"") -> 20 | CH23: 7 | CJ23: CP | CP23: =IFERROR(VLOOKUP(CJ23,'Composite Datasheets'!$MC$6:$MF$25,3,0),"") -> Other | CS23: =_xlfn.XLOOKUP(CJ23,'Composite Datasheets'!$MC$6:$MC$25,'Composite Datasheets'!$MF$6:$MF$25,"") -> 20 | CV23: 0 | CY23: 7 | DA23: M40J Fabric | DG23: =IFERROR(VLOOKUP(DA23,'Composite Datasheets'!$MC$6:$MF$25,3,0),"") -> Bidirectional | DJ23: =_xlfn.XLOOKUP(DA23,'Composite Datasheets'!$MC$6:$MC$25,'Composite Datasheets'!$MF$6:$MF$25,"") -> 200 | DM23: 45 | DP23: 7 | DR23: Aluminum core 18 mm | DX23: =IFERROR(VLOOKUP(DR23,'Composite Datasheets'!$MC$6:$MF$25,3,0),"") -> Al Honeycomb | EA23: =_xlfn.XLOOKUP(DR23,'Composite Datasheets'!$MC$6:$MC$25,'Composite Datasheets'!$MF$6:$MF$25,"") | ED23: 0 | EG23: 7 | EO23: =IFERROR(VLOOKUP(EI23,'Composite Datasheets'!$MC$6:$MF$25,3,0),"") -> Other | ER23: =_xlfn.XLOOKUP(EI23,'Composite Datasheets'!$MC$6:$MC$25,'Composite Datasheets'!$MF$6:$MF$25,"") | EX23: 7 | EZ23: M40J Fabric | FF23: =IFERROR(VLOOKUP(EZ23,'Composite Datasheets'!$MC$6:$MF$25,3,0),"") -> Bidirectional | FI23: =_xlfn.XLOOKUP(EZ23,'Composite Datasheets'!$MC$6:$MC$25,'Composite Datasheets'!$MF$6:$MF$25,"") -> 200 | FL23: 45 | FO23: 7 | FW23: =IFERROR(VLOOKUP(FQ23,'Composite Datasheets'!$MC$6:$MF$25,3,0),"") -> Other | FZ23: =_xlfn.XLOOKUP(FQ23,'Composite Datasheets'!$MC$6:$MC$25,'Composite Datasheets'!$MF$6:$MF$25,"") | GF23: 7 | GN23: =IFERROR(VLOOKUP(GH23,'Composite Datasheets'!$MC$6:$MF$25,3,0),"") -> Other | GQ23: =_xlfn.XLOOKUP(GH23,'Composite Datasheets'!$MC$6:$MC$25,'Composite Datasheets'!$MF$6:$MF$25,"") | GW23: 7 | HE23: =IFERROR(VLOOKUP(GY23,'Composite Datasheets'!$MC$6:$MF$25,3,0),"") -> Other | HH23: =_xlfn.XLOOKUP(GY23,'Composite Datasheets'!$MC$6:$MC$25,'Composite Datasheets'!$MF$6:$MF$25,"") | HN23: 7 | HV23: =IFERROR(VLOOKUP(HP23,'Composite Datasheets'!$MC$6:$MF$25,3,0),"") -> Other | HY23: =_xlfn.XLOOKUP(HP23,'Composite Datasheets'!$MC$6:$MC$25,'Composite Datasheets'!$MF$6:$MF$25,"") | IE23: 7 | IM23: =IFERROR(VLOOKUP(IG23,'Composite Datasheets'!$MC$6:$MF$25,3,0),"") -> Other | IP23: =_xlfn.XLOOKUP(IG23,'Composite Datasheets'!$MC$6:$MC$25,'Composite Datasheets'!$MF$6:$MF$25,"")
A24: 8 | C24: Aluminum core 18 mm | I24: =IFERROR(VLOOKUP(C24,'Composite Datasheets'!$MC$6:$MF$25,3,0),"") -> Al Honeycomb | L24: =_xlfn.XLOOKUP(C24,'Composite Datasheets'!$MC$6:$MC$25,'Composite Datasheets'!$MF$6:$MF$25,"") | R24: 8 | T24: Aluminum core 18 mm | Z24: =IFERROR(VLOOKUP(T24,'Composite Datasheets'!$MC$6:$MF$25,3,0),"") -> Al Honeycomb | AC24: =_xlfn.XLOOKUP(T24,'Composite Datasheets'!$MC$6:$MC$25,'Composite Datasheets'!$MF$6:$MF$25,"") | AI24: 8 | AK24: Aramid | AQ24: =IFERROR(VLOOKUP(AK24,'Composite Datasheets'!$MC$6:$MF$25,3,0),"") -> Bidirectional | AT24: =_xlfn.XLOOKUP(AK24,'Composite Datasheets'!$MC$6:$MC$25,'Composite Datasheets'!$MF$6:$MF$25,"") -> 170 | AW24: 0 | AZ24: 8 | BB24: Aluminum core 10mm | BH24: =IFERROR(VLOOKUP(BB24,'Composite Datasheets'!$MC$6:$MF$25,3,0),"") -> Al Honeycomb | BK24: =_xlfn.XLOOKUP(BB24,'Composite Datasheets'!$MC$6:$MC$25,'Composite Datasheets'!$MF$6:$MF$25,"") | BQ24: 8 | BS24: Aluminum core 18 mm | BY24: =IFERROR(VLOOKUP(BS24,'Composite Datasheets'!$MC$6:$MF$25,3,0),"") -> Al Honeycomb | CB24: =_xlfn.XLOOKUP(BS24,'Composite Datasheets'!$MC$6:$MC$25,'Composite Datasheets'!$MF$6:$MF$25,"") | CH24: 8 | CJ24: Aluminum core 18 mm | CP24: =IFERROR(VLOOKUP(CJ24,'Composite Datasheets'!$MC$6:$MF$25,3,0),"") -> Al Honeycomb | CS24: =_xlfn.XLOOKUP(CJ24,'Composite Datasheets'!$MC$6:$MC$25,'Composite Datasheets'!$MF$6:$MF$25,"") | CY24: 8 | DA24: M40J Fabric | DG24: =IFERROR(VLOOKUP(DA24,'Composite Datasheets'!$MC$6:$MF$25,3,0),"") -> Bidirectional | DJ24: =_xlfn.XLOOKUP(DA24,'Composite Datasheets'!$MC$6:$MC$25,'Composite Datasheets'!$MF$6:$MF$25,"") -> 200 | DM24: 0 | DP24: 8 | DR24: CP | DX24: =IFERROR(VLOOKUP(DR24,'Composite Datasheets'!$MC$6:$MF$25,3,0),"") -> Other | EA24: =_xlfn.XLOOKUP(DR24,'Composite Datasheets'!$MC$6:$MC$25,'Composite Datasheets'!$MF$6:$MF$25,"") -> 20 | EG24: 8 | EO24: =IFERROR(VLOOKUP(EI24,'Composite Datasheets'!$MC$6:$MF$25,3,0),"") -> Other | ER24: =_xlfn.XLOOKUP(EI24,'Composite Datasheets'!$MC$6:$MC$25,'Composite Datasheets'!$MF$6:$MF$25,"") | EX24: 8 | EZ24: CP | FF24: =IFERROR(VLOOKUP(EZ24,'Composite Datasheets'!$MC$6:$MF$25,3,0),"") -> Other | FI24: =_xlfn.XLOOKUP(EZ24,'Composite Datasheets'!$MC$6:$MC$25,'Composite Datasheets'!$MF$6:$MF$25,"") -> 20 | FO24: 8 | FW24: =IFERROR(VLOOKUP(FQ24,'Composite Datasheets'!$MC$6:$MF$25,3,0),"") -> Other | FZ24: =_xlfn.XLOOKUP(FQ24,'Composite Datasheets'!$MC$6:$MC$25,'Composite Datasheets'!$MF$6:$MF$25,"") | GF24: 8 | GN24: =IFERROR(VLOOKUP(GH24,'Composite Datasheets'!$MC$6:$MF$25,3,0),"") -> Other | GQ24: =_xlfn.XLOOKUP(GH24,'Composite Datasheets'!$MC$6:$MC$25,'Composite Datasheets'!$MF$6:$MF$25,"") | GW24: 8 | HE24: =IFERROR(VLOOKUP(GY24,'Composite Datasheets'!$MC$6:$MF$25,3,0),"") -> Other | HH24: =_xlfn.XLOOKUP(GY24,'Composite Datasheets'!$MC$6:$MC$25,'Composite Datasheets'!$MF$6:$MF$25,"") | HN24: 8 | HV24: =IFERROR(VLOOKUP(HP24,'Composite Datasheets'!$MC$6:$MF$25,3,0),"") -> Other | HY24: =_xlfn.XLOOKUP(HP24,'Composite Datasheets'!$MC$6:$MC$25,'Composite Datasheets'!$MF$6:$MF$25,"") | IE24: 8 | IM24: =IFERROR(VLOOKUP(IG24,'Composite Datasheets'!$MC$6:$MF$25,3,0),"") -> Other | IP24: =_xlfn.XLOOKUP(IG24,'Composite Datasheets'!$MC$6:$MC$25,'Composite Datasheets'!$MF$6:$MF$25,"")
A25: 9 | C25: CP | I25: =IFERROR(VLOOKUP(C25,'Composite Datasheets'!$MC$6:$MF$25,3,0),"") -> Other | L25: =_xlfn.XLOOKUP(C25,'Composite Datasheets'!$MC$6:$MC$25,'Composite Datasheets'!$MF$6:$MF$25,"") -> 20 | R25: 9 | Z25: =IFERROR(VLOOKUP(T25,'Composite Datasheets'!$MC$6:$MF$25,3,0),"") -> Other | AC25: =_xlfn.XLOOKUP(T25,'Composite Datasheets'!$MC$6:$MC$25,'Composite Datasheets'!$MF$6:$MF$25,"") | AI25: 9 | AK25: Aramid | AQ25: =IFERROR(VLOOKUP(AK25,'Composite Datasheets'!$MC$6:$MF$25,3,0),"") -> Bidirectional | AT25: =_xlfn.XLOOKUP(AK25,'Composite Datasheets'!$MC$6:$MC$25,'Composite Datasheets'!$MF$6:$MF$25,"") -> 170 | AW25: 45 | AZ25: 9 | BB25: CP | BH25: =IFERROR(VLOOKUP(BB25,'Composite Datasheets'!$MC$6:$MF$25,3,0),"") -> Other | BK25: =_xlfn.XLOOKUP(BB25,'Composite Datasheets'!$MC$6:$MC$25,'Composite Datasheets'!$MF$6:$MF$25,"") -> 20 | BN25: 0 | BQ25: 9 | BY25: =IFERROR(VLOOKUP(BS25,'Composite Datasheets'!$MC$6:$MF$25,3,0),"") -> Other | CB25: =_xlfn.XLOOKUP(BS25,'Composite Datasheets'!$MC$6:$MC$25,'Composite Datasheets'!$MF$6:$MF$25,"") | CH25: 9 | CJ25: CP | CP25: =IFERROR(VLOOKUP(CJ25,'Composite Datasheets'!$MC$6:$MF$25,3,0),"") -> Other | CS25: =_xlfn.XLOOKUP(CJ25,'Composite Datasheets'!$MC$6:$MC$25,'Composite Datasheets'!$MF$6:$MF$25,"") -> 20 | CV25: 0 | CY25: 9 | DA25: CP | DG25: =IFERROR(VLOOKUP(DA25,'Composite Datasheets'!$MC$6:$MF$25,3,0),"") -> Other | DJ25: =_xlfn.XLOOKUP(DA25,'Composite Datasheets'!$MC$6:$MC$25,'Composite Datasheets'!$MF$6:$MF$25,"") -> 20 | DM25: 0 | DP25: 9 | DR25: Zylon | DX25: =IFERROR(VLOOKUP(DR25,'Composite Datasheets'!$MC$6:$MF$25,3,0),"") -> Bidirectional | EA25: =_xlfn.XLOOKUP(DR25,'Composite Datasheets'!$MC$6:$MC$25,'Composite Datasheets'!$MF$6:$MF$25,"") -> 300 | ED25: 45 | EG25: 9 | EO25: =IFERROR(VLOOKUP(EI25,'Composite Datasheets'!$MC$6:$MF$25,3,0),"") -> Other | ER25: =_xlfn.XLOOKUP(EI25,'Composite Datasheets'!$MC$6:$MC$25,'Composite Datasheets'!$MF$6:$MF$25,"") | EX25: 9 | EZ25: Aluminum core 18 mm | FF25: =IFERROR(VLOOKUP(EZ25,'Composite Datasheets'!$MC$6:$MF$25,3,0),"") -> Al Honeycomb | FI25: =_xlfn.XLOOKUP(EZ25,'Composite Datasheets'!$MC$6:$MC$25,'Composite Datasheets'!$MF$6:$MF$25,"") | FO25: 9 | FW25: =IFERROR(VLOOKUP(FQ25,'Composite Datasheets'!$MC$6:$MF$25,3,0),"") -> Other | FZ25: =_xlfn.XLOOKUP(FQ25,'Composite Datasheets'!$MC$6:$MC$25,'Composite Datasheets'!$MF$6:$MF$25,"") | GF25: 9 | GN25: =IFERROR(VLOOKUP(GH25,'Composite Datasheets'!$MC$6:$MF$25,3,0),"") -> Other | GQ25: =_xlfn.XLOOKUP(GH25,'Composite Datasheets'!$MC$6:$MC$25,'Composite Datasheets'!$MF$6:$MF$25,"") | GW25: 9 | HE25: =IFERROR(VLOOKUP(GY25,'Composite Datasheets'!$MC$6:$MF$25,3,0),"") -> Other | HH25: =_xlfn.XLOOKUP(GY25,'Composite Datasheets'!$MC$6:$MC$25,'Composite Datasheets'!$MF$6:$MF$25,"") | HN25: 9 | HV25: =IFERROR(VLOOKUP(HP25,'Composite Datasheets'!$MC$6:$MF$25,3,0),"") -> Other | HY25: =_xlfn.XLOOKUP(HP25,'Composite Datasheets'!$MC$6:$MC$25,'Composite Datasheets'!$MF$6:$MF$25,"") | IE25: 9 | IM25: =IFERROR(VLOOKUP(IG25,'Composite Datasheets'!$MC$6:$MF$25,3,0),"") -> Other | IP25: =_xlfn.XLOOKUP(IG25,'Composite Datasheets'!$MC$6:$MC$25,'Composite Datasheets'!$MF$6:$MF$25,"")
A26: 10 | C26: T700 Fabric | I26: =IFERROR(VLOOKUP(C26,'Composite Datasheets'!$MC$6:$MF$25,3,0),"") -> Bidirectional | L26: =_xlfn.XLOOKUP(C26,'Composite Datasheets'!$MC$6:$MC$25,'Composite Datasheets'!$MF$6:$MF$25,"") -> 285 | O26: 45 | R26: 10 | Z26: =IFERROR(VLOOKUP(T26,'Composite Datasheets'!$MC$6:$MF$25,3,0),"") -> Other | AC26: =_xlfn.XLOOKUP(T26,'Composite Datasheets'!$MC$6:$MC$25,'Composite Datasheets'!$MF$6:$MF$25,"") | AI26: 10 | AK26: Aramid | AQ26: =IFERROR(VLOOKUP(AK26,'Composite Datasheets'!$MC$6:$MF$25,3,0),"") -> Bidirectional | AT26: =_xlfn.XLOOKUP(AK26,'Composite Datasheets'!$MC$6:$MC$25,'Composite Datasheets'!$MF$6:$MF$25,"") -> 170 | AW26: 0 | AZ26: 10 | BB26: M40J Fabric | BH26: =IFERROR(VLOOKUP(BB26,'Composite Datasheets'!$MC$6:$MF$25,3,0),"") -> Bidirectional | BK26: =_xlfn.XLOOKUP(BB26,'Composite Datasheets'!$MC$6:$MC$25,'Composite Datasheets'!$MF$6:$MF$25,"") -> 200 | BN26: 45 | BQ26: 10 | BY26: =IFERROR(VLOOKUP(BS26,'Composite Datasheets'!$MC$6:$MF$25,3,0),"") -> Other | CB26: =_xlfn.XLOOKUP(BS26,'Composite Datasheets'!$MC$6:$MC$25,'Composite Datasheets'!$MF$6:$MF$25,"") | CH26: 10 | CJ26: T700 Fabric | CP26: =IFERROR(VLOOKUP(CJ26,'Composite Datasheets'!$MC$6:$MF$25,3,0),"") -> Bidirectional | CS26: =_xlfn.XLOOKUP(CJ26,'Composite Datasheets'!$MC$6:$MC$25,'Composite Datasheets'!$MF$6:$MF$25,"") -> 285 | CV26: 45 | CY26: 10 | DA26: Aluminum core 10mm | DG26: =IFERROR(VLOOKUP(DA26,'Composite Datasheets'!$MC$6:$MF$25,3,0),"") -> Al Honeycomb | DJ26: =_xlfn.XLOOKUP(DA26,'Composite Datasheets'!$MC$6:$MC$25,'Composite Datasheets'!$MF$6:$MF$25,"") | DP26: 10 | DR26: Zylon | DX26: =IFERROR(VLOOKUP(DR26,'Composite Datasheets'!$MC$6:$MF$25,3,0),"") -> Bidirectional | EA26: =_xlfn.XLOOKUP(DR26,'Composite Datasheets'!$MC$6:$MC$25,'Composite Datasheets'!$MF$6:$MF$25,"") -> 300 | ED26: 45 | EG26: 10 | EO26: =IFERROR(VLOOKUP(EI26,'Composite Datasheets'!$MC$6:$MF$25,3,0),"") -> Other | ER26: =_xlfn.XLOOKUP(EI26,'Composite Datasheets'!$MC$6:$MC$25,'Composite Datasheets'!$MF$6:$MF$25,"") | EX26: 10 | FF26: =IFERROR(VLOOKUP(EZ26,'Composite Datasheets'!$MC$6:$MF$25,3,0),"") -> Other | FI26: =_xlfn.XLOOKUP(EZ26,'Composite Datasheets'!$MC$6:$MC$25,'Composite Datasheets'!$MF$6:$MF$25,"") | FO26: 10 | FW26: =IFERROR(VLOOKUP(FQ26,'Composite Datasheets'!$MC$6:$MF$25,3,0),"") -> Other | FZ26: =_xlfn.XLOOKUP(FQ26,'Composite Datasheets'!$MC$6:$MC$25,'Composite Datasheets'!$MF$6:$MF$25,"") | GF26: 10 | GN26: =IFERROR(VLOOKUP(GH26,'Composite Datasheets'!$MC$6:$MF$25,3,0),"") -> Other | GQ26: =_xlfn.XLOOKUP(GH26,'Composite Datasheets'!$MC$6:$MC$25,'Composite Datasheets'!$MF$6:$MF$25,"") | GW26: 10 | HE26: =IFERROR(VLOOKUP(GY26,'Composite Datasheets'!$MC$6:$MF$25,3,0),"") -> Other | HH26: =_xlfn.XLOOKUP(GY26,'Composite Datasheets'!$MC$6:$MC$25,'Composite Datasheets'!$MF$6:$MF$25,"") | HN26: 10 | HV26: =IFERROR(VLOOKUP(HP26,'Composite Datasheets'!$MC$6:$MF$25,3,0),"") -> Other | HY26: =_xlfn.XLOOKUP(HP26,'Composite Datasheets'!$MC$6:$MC$25,'Composite Datasheets'!$MF$6:$MF$25,"") | IE26: 10 | IM26: =IFERROR(VLOOKUP(IG26,'Composite Datasheets'!$MC$6:$MF$25,3,0),"") -> Other | IP26: =_xlfn.XLOOKUP(IG26,'Composite Datasheets'!$MC$6:$MC$25,'Composite Datasheets'!$MF$6:$MF$25,"")
A27: 11 | C27: M40J UD | I27: =IFERROR(VLOOKUP(C27,'Composite Datasheets'!$MC$6:$MF$25,3,0),"") -> Unidirectional | L27: =_xlfn.XLOOKUP(C27,'Composite Datasheets'!$MC$6:$MC$25,'Composite Datasheets'!$MF$6:$MF$25,"") -> 200 | O27: -21 | R27: 11 | Z27: =IFERROR(VLOOKUP(T27,'Composite Datasheets'!$MC$6:$MF$25,3,0),"") -> Other | AC27: =_xlfn.XLOOKUP(T27,'Composite Datasheets'!$MC$6:$MC$25,'Composite Datasheets'!$MF$6:$MF$25,"") | AI27: 11 | AK27: Aramid | AQ27: =IFERROR(VLOOKUP(AK27,'Composite Datasheets'!$MC$6:$MF$25,3,0),"") -> Bidirectional | AT27: =_xlfn.XLOOKUP(AK27,'Composite Datasheets'!$MC$6:$MC$25,'Composite Datasheets'!$MF$6:$MF$25,"") -> 170 | AW27: 45 | AZ27: 11 | BB27: M40J UD | BH27: =IFERROR(VLOOKUP(BB27,'Composite Datasheets'!$MC$6:$MF$25,3,0),"") -> Unidirectional | BK27: =_xlfn.XLOOKUP(BB27,'Composite Datasheets'!$MC$6:$MC$25,'Composite Datasheets'!$MF$6:$MF$25,"") -> 200 | BN27: 21 | BQ27: 11 | BY27: =IFERROR(VLOOKUP(BS27,'Composite Datasheets'!$MC$6:$MF$25,3,0),"") -> Other | CB27: =_xlfn.XLOOKUP(BS27,'Composite Datasheets'!$MC$6:$MC$25,'Composite Datasheets'!$MF$6:$MF$25,"") | CH27: 11 | CJ27: M40J UD | CP27: =IFERROR(VLOOKUP(CJ27,'Composite Datasheets'!$MC$6:$MF$25,3,0),"") -> Unidirectional | CS27: =_xlfn.XLOOKUP(CJ27,'Composite Datasheets'!$MC$6:$MC$25,'Composite Datasheets'!$MF$6:$MF$25,"") -> 200 | CV27: -21 | CY27: 11 | DA27: CP | DG27: =IFERROR(VLOOKUP(DA27,'Composite Datasheets'!$MC$6:$MF$25,3,0),"") -> Other | DJ27: =_xlfn.XLOOKUP(DA27,'Composite Datasheets'!$MC$6:$MC$25,'Composite Datasheets'!$MF$6:$MF$25,"") -> 20 | DM27: 0 | DP27: 11 | DR27: M40J UD | DX27: =IFERROR(VLOOKUP(DR27,'Composite Datasheets'!$MC$6:$MF$25,3,0),"") -> Unidirectional | EA27: =_xlfn.XLOOKUP(DR27,'Composite Datasheets'!$MC$6:$MC$25,'Composite Datasheets'!$MF$6:$MF$25,"") -> 200 | ED27: 0 | EG27: 11 | EO27: =IFERROR(VLOOKUP(EI27,'Composite Datasheets'!$MC$6:$MF$25,3,0),"") -> Other | ER27: =_xlfn.XLOOKUP(EI27,'Composite Datasheets'!$MC$6:$MC$25,'Composite Datasheets'!$MF$6:$MF$25,"") | EX27: 11 | FF27: =IFERROR(VLOOKUP(EZ27,'Composite Datasheets'!$MC$6:$MF$25,3,0),"") -> Other | FI27: =_xlfn.XLOOKUP(EZ27,'Composite Datasheets'!$MC$6:$MC$25,'Composite Datasheets'!$MF$6:$MF$25,"") | FO27: 11 | FW27: =IFERROR(VLOOKUP(FQ27,'Composite Datasheets'!$MC$6:$MF$25,3,0),"") -> Other | FZ27: =_xlfn.XLOOKUP(FQ27,'Composite Datasheets'!$MC$6:$MC$25,'Composite Datasheets'!$MF$6:$MF$25,"") | GF27: 11 | GN27: =IFERROR(VLOOKUP(GH27,'Composite Datasheets'!$MC$6:$MF$25,3,0),"") -> Other | GQ27: =_xlfn.XLOOKUP(GH27,'Composite Datasheets'!$MC$6:$MC$25,'Composite Datasheets'!$MF$6:$MF$25,"") | GW27: 11 | HE27: =IFERROR(VLOOKUP(GY27,'Composite Datasheets'!$MC$6:$MF$25,3,0),"") -> Other | HH27: =_xlfn.XLOOKUP(GY27,'Composite Datasheets'!$MC$6:$MC$25,'Composite Datasheets'!$MF$6:$MF$25,"") | HN27: 11 | HV27: =IFERROR(VLOOKUP(HP27,'Composite Datasheets'!$MC$6:$MF$25,3,0),"") -> Other | HY27: =_xlfn.XLOOKUP(HP27,'Composite Datasheets'!$MC$6:$MC$25,'Composite Datasheets'!$MF$6:$MF$25,"") | IE27: 11 | IM27: =IFERROR(VLOOKUP(IG27,'Composite Datasheets'!$MC$6:$MF$25,3,0),"") -> Other | IP27: =_xlfn.XLOOKUP(IG27,'Composite Datasheets'!$MC$6:$MC$25,'Composite Datasheets'!$MF$6:$MF$25,"")
A28: 12 | C28: M40J UD | I28: =IFERROR(VLOOKUP(C28,'Composite Datasheets'!$MC$6:$MF$25,3,0),"") -> Unidirectional | L28: =_xlfn.XLOOKUP(C28,'Composite Datasheets'!$MC$6:$MC$25,'Composite Datasheets'!$MF$6:$MF$25,"") -> 200 | O28: 0 | R28: 12 | Z28: =IFERROR(VLOOKUP(T28,'Composite Datasheets'!$MC$6:$MF$25,3,0),"") -> Other | AC28: =_xlfn.XLOOKUP(T28,'Composite Datasheets'!$MC$6:$MC$25,'Composite Datasheets'!$MF$6:$MF$25,"") | AI28: 12 | AK28: CP | AQ28: =IFERROR(VLOOKUP(AK28,'Composite Datasheets'!$MC$6:$MF$25,3,0),"") -> Other | AT28: =_xlfn.XLOOKUP(AK28,'Composite Datasheets'!$MC$6:$MC$25,'Composite Datasheets'!$MF$6:$MF$25,"") -> 20 | AW28: 0 | AZ28: 12 | BB28: M40J UD | BH28: =IFERROR(VLOOKUP(BB28,'Composite Datasheets'!$MC$6:$MF$25,3,0),"") -> Unidirectional | BK28: =_xlfn.XLOOKUP(BB28,'Composite Datasheets'!$MC$6:$MC$25,'Composite Datasheets'!$MF$6:$MF$25,"") -> 200 | BN28: 0 | BQ28: 12 | BY28: =IFERROR(VLOOKUP(BS28,'Composite Datasheets'!$MC$6:$MF$25,3,0),"") -> Other | CB28: =_xlfn.XLOOKUP(BS28,'Composite Datasheets'!$MC$6:$MC$25,'Composite Datasheets'!$MF$6:$MF$25,"") | CH28: 12 | CJ28: M40J UD | CP28: =IFERROR(VLOOKUP(CJ28,'Composite Datasheets'!$MC$6:$MF$25,3,0),"") -> Unidirectional | CS28: =_xlfn.XLOOKUP(CJ28,'Composite Datasheets'!$MC$6:$MC$25,'Composite Datasheets'!$MF$6:$MF$25,"") -> 200 | CV28: 0 | CY28: 12 | DA28: M40J Fabric | DG28: =IFERROR(VLOOKUP(DA28,'Composite Datasheets'!$MC$6:$MF$25,3,0),"") -> Bidirectional | DJ28: =_xlfn.XLOOKUP(DA28,'Composite Datasheets'!$MC$6:$MC$25,'Composite Datasheets'!$MF$6:$MF$25,"") -> 200 | DM28: 0 | DP28: 12 | DR28: M40J UD | DX28: =IFERROR(VLOOKUP(DR28,'Composite Datasheets'!$MC$6:$MF$25,3,0),"") -> Unidirectional | EA28: =_xlfn.XLOOKUP(DR28,'Composite Datasheets'!$MC$6:$MC$25,'Composite Datasheets'!$MF$6:$MF$25,"") -> 200 | ED28: 21 | EG28: 12 | EO28: =IFERROR(VLOOKUP(EI28,'Composite Datasheets'!$MC$6:$MF$25,3,0),"") -> Other | ER28: =_xlfn.XLOOKUP(EI28,'Composite Datasheets'!$MC$6:$MC$25,'Composite Datasheets'!$MF$6:$MF$25,"") | EX28: 12 | FF28: =IFERROR(VLOOKUP(EZ28,'Composite Datasheets'!$MC$6:$MF$25,3,0),"") -> Other | FI28: =_xlfn.XLOOKUP(EZ28,'Composite Datasheets'!$MC$6:$MC$25,'Composite Datasheets'!$MF$6:$MF$25,"") | FO28: 12 | FW28: =IFERROR(VLOOKUP(FQ28,'Composite Datasheets'!$MC$6:$MF$25,3,0),"") -> Other | FZ28: =_xlfn.XLOOKUP(FQ28,'Composite Datasheets'!$MC$6:$MC$25,'Composite Datasheets'!$MF$6:$MF$25,"") | GF28: 12 | GN28: =IFERROR(VLOOKUP(GH28,'Composite Datasheets'!$MC$6:$MF$25,3,0),"") -> Other | GQ28: =_xlfn.XLOOKUP(GH28,'Composite Datasheets'!$MC$6:$MC$25,'Composite Datasheets'!$MF$6:$MF$25,"") | GW28: 12 | HE28: =IFERROR(VLOOKUP(GY28,'Composite Datasheets'!$MC$6:$MF$25,3,0),"") -> Other | HH28: =_xlfn.XLOOKUP(GY28,'Composite Datasheets'!$MC$6:$MC$25,'Composite Datasheets'!$MF$6:$MF$25,"") | HN28: 12 | HV28: =IFERROR(VLOOKUP(HP28,'Composite Datasheets'!$MC$6:$MF$25,3,0),"") -> Other | HY28: =_xlfn.XLOOKUP(HP28,'Composite Datasheets'!$MC$6:$MC$25,'Composite Datasheets'!$MF$6:$MF$25,"") | IE28: 12 | IM28: =IFERROR(VLOOKUP(IG28,'Composite Datasheets'!$MC$6:$MF$25,3,0),"") -> Other | IP28: =_xlfn.XLOOKUP(IG28,'Composite Datasheets'!$MC$6:$MC$25,'Composite Datasheets'!$MF$6:$MF$25,"")
A29: 13 | C29: M40J UD | I29: =IFERROR(VLOOKUP(C29,'Composite Datasheets'!$MC$6:$MF$25,3,0),"") -> Unidirectional | L29: =_xlfn.XLOOKUP(C29,'Composite Datasheets'!$MC$6:$MC$25,'Composite Datasheets'!$MF$6:$MF$25,"") -> 200 | O29: 0 | R29: 13 | Z29: =IFERROR(VLOOKUP(T29,'Composite Datasheets'!$MC$6:$MF$25,3,0),"") -> Other | AC29: =_xlfn.XLOOKUP(T29,'Composite Datasheets'!$MC$6:$MC$25,'Composite Datasheets'!$MF$6:$MF$25,"") | AI29: 13 | AK29: Aluminum core 18 mm | AQ29: =IFERROR(VLOOKUP(AK29,'Composite Datasheets'!$MC$6:$MF$25,3,0),"") -> Al Honeycomb | AT29: =_xlfn.XLOOKUP(AK29,'Composite Datasheets'!$MC$6:$MC$25,'Composite Datasheets'!$MF$6:$MF$25,"") | AZ29: 13 | BB29: M40J UD | BH29: =IFERROR(VLOOKUP(BB29,'Composite Datasheets'!$MC$6:$MF$25,3,0),"") -> Unidirectional | BK29: =_xlfn.XLOOKUP(BB29,'Composite Datasheets'!$MC$6:$MC$25,'Composite Datasheets'!$MF$6:$MF$25,"") -> 200 | BN29: -21 | BQ29: 13 | BY29: =IFERROR(VLOOKUP(BS29,'Composite Datasheets'!$MC$6:$MF$25,3,0),"") -> Other | CB29: =_xlfn.XLOOKUP(BS29,'Composite Datasheets'!$MC$6:$MC$25,'Composite Datasheets'!$MF$6:$MF$25,"") | CH29: 13 | CJ29: M40J UD | CP29: =IFERROR(VLOOKUP(CJ29,'Composite Datasheets'!$MC$6:$MF$25,3,0),"") -> Unidirectional | CS29: =_xlfn.XLOOKUP(CJ29,'Composite Datasheets'!$MC$6:$MC$25,'Composite Datasheets'!$MF$6:$MF$25,"") -> 200 | CV29: 0 | CY29: 13 | DA29: M40J Fabric | DG29: =IFERROR(VLOOKUP(DA29,'Composite Datasheets'!$MC$6:$MF$25,3,0),"") -> Bidirectional | DJ29: =_xlfn.XLOOKUP(DA29,'Composite Datasheets'!$MC$6:$MC$25,'Composite Datasheets'!$MF$6:$MF$25,"") -> 200 | DM29: 45 | DP29: 13 | DR29: M40J UD | DX29: =IFERROR(VLOOKUP(DR29,'Composite Datasheets'!$MC$6:$MF$25,3,0),"") -> Unidirectional | EA29: =_xlfn.XLOOKUP(DR29,'Composite Datasheets'!$MC$6:$MC$25,'Composite Datasheets'!$MF$6:$MF$25,"") -> 200 | ED29: 0 | EG29: 13 | EO29: =IFERROR(VLOOKUP(EI29,'Composite Datasheets'!$MC$6:$MF$25,3,0),"") -> Other | ER29: =_xlfn.XLOOKUP(EI29,'Composite Datasheets'!$MC$6:$MC$25,'Composite Datasheets'!$MF$6:$MF$25,"") | EX29: 13 | FF29: =IFERROR(VLOOKUP(EZ29,'Composite Datasheets'!$MC$6:$MF$25,3,0),"") -> Other | FI29: =_xlfn.XLOOKUP(EZ29,'Composite Datasheets'!$MC$6:$MC$25,'Composite Datasheets'!$MF$6:$MF$25,"") | FO29: 13 | FW29: =IFERROR(VLOOKUP(FQ29,'Composite Datasheets'!$MC$6:$MF$25,3,0),"") -> Other | FZ29: =_xlfn.XLOOKUP(FQ29,'Composite Datasheets'!$MC$6:$MC$25,'Composite Datasheets'!$MF$6:$MF$25,"") | GF29: 13 | GN29: =IFERROR(VLOOKUP(GH29,'Composite Datasheets'!$MC$6:$MF$25,3,0),"") -> Other | GQ29: =_xlfn.XLOOKUP(GH29,'Composite Datasheets'!$MC$6:$MC$25,'Composite Datasheets'!$MF$6:$MF$25,"") | GW29: 13 | HE29: =IFERROR(VLOOKUP(GY29,'Composite Datasheets'!$MC$6:$MF$25,3,0),"") -> Other | HH29: =_xlfn.XLOOKUP(GY29,'Composite Datasheets'!$MC$6:$MC$25,'Composite Datasheets'!$MF$6:$MF$25,"") | HN29: 13 | HV29: =IFERROR(VLOOKUP(HP29,'Composite Datasheets'!$MC$6:$MF$25,3,0),"") -> Other | HY29: =_xlfn.XLOOKUP(HP29,'Composite Datasheets'!$MC$6:$MC$25,'Composite Datasheets'!$MF$6:$MF$25,"") | IE29: 13 | IM29: =IFERROR(VLOOKUP(IG29,'Composite Datasheets'!$MC$6:$MF$25,3,0),"") -> Other | IP29: =_xlfn.XLOOKUP(IG29,'Composite Datasheets'!$MC$6:$MC$25,'Composite Datasheets'!$MF$6:$MF$25,"")
A30: 14 | C30: M40J UD | I30: =IFERROR(VLOOKUP(C30,'Composite Datasheets'!$MC$6:$MF$25,3,0),"") -> Unidirectional | L30: =_xlfn.XLOOKUP(C30,'Composite Datasheets'!$MC$6:$MC$25,'Composite Datasheets'!$MF$6:$MF$25,"") -> 200 | O30: 0 | R30: 14 | Z30: =IFERROR(VLOOKUP(T30,'Composite Datasheets'!$MC$6:$MF$25,3,0),"") -> Other | AC30: =_xlfn.XLOOKUP(T30,'Composite Datasheets'!$MC$6:$MC$25,'Composite Datasheets'!$MF$6:$MF$25,"") | AI30: 14 | AQ30: =IFERROR(VLOOKUP(AK30,'Composite Datasheets'!$MC$6:$MF$25,3,0),"") -> Other | AT30: =_xlfn.XLOOKUP(AK30,'Composite Datasheets'!$MC$6:$MC$25,'Composite Datasheets'!$MF$6:$MF$25,"") | AZ30: 14 | BB30: M40J UD | BH30: =IFERROR(VLOOKUP(BB30,'Composite Datasheets'!$MC$6:$MF$25,3,0),"") -> Unidirectional | BK30: =_xlfn.XLOOKUP(BB30,'Composite Datasheets'!$MC$6:$MC$25,'Composite Datasheets'!$MF$6:$MF$25,"") -> 200 | BN30: 0 | BQ30: 14 | BY30: =IFERROR(VLOOKUP(BS30,'Composite Datasheets'!$MC$6:$MF$25,3,0),"") -> Other | CB30: =_xlfn.XLOOKUP(BS30,'Composite Datasheets'!$MC$6:$MC$25,'Composite Datasheets'!$MF$6:$MF$25,"") | CH30: 14 | CJ30: M40J UD | CP30: =IFERROR(VLOOKUP(CJ30,'Composite Datasheets'!$MC$6:$MF$25,3,0),"") -> Unidirectional | CS30: =_xlfn.XLOOKUP(CJ30,'Composite Datasheets'!$MC$6:$MC$25,'Composite Datasheets'!$MF$6:$MF$25,"") -> 200 | CV30: 0 | CY30: 14 | DA30: M40J UD | DG30: =IFERROR(VLOOKUP(DA30,'Composite Datasheets'!$MC$6:$MF$25,3,0),"") -> Unidirectional | DJ30: =_xlfn.XLOOKUP(DA30,'Composite Datasheets'!$MC$6:$MC$25,'Composite Datasheets'!$MF$6:$MF$25,"") -> 200 | DM30: 21 | DP30: 14 | DR30: M40J UD | DX30: =IFERROR(VLOOKUP(DR30,'Composite Datasheets'!$MC$6:$MF$25,3,0),"") -> Unidirectional | EA30: =_xlfn.XLOOKUP(DR30,'Composite Datasheets'!$MC$6:$MC$25,'Composite Datasheets'!$MF$6:$MF$25,"") -> 200 | ED30: -21 | EG30: 14 | EO30: =IFERROR(VLOOKUP(EI30,'Composite Datasheets'!$MC$6:$MF$25,3,0),"") -> Other | ER30: =_xlfn.XLOOKUP(EI30,'Composite Datasheets'!$MC$6:$MC$25,'Composite Datasheets'!$MF$6:$MF$25,"") | EX30: 14 | FF30: =IFERROR(VLOOKUP(EZ30,'Composite Datasheets'!$MC$6:$MF$25,3,0),"") -> Other | FI30: =_xlfn.XLOOKUP(EZ30,'Composite Datasheets'!$MC$6:$MC$25,'Composite Datasheets'!$MF$6:$MF$25,"") | FO30: 14 | FW30: =IFERROR(VLOOKUP(FQ30,'Composite Datasheets'!$MC$6:$MF$25,3,0),"") -> Other | FZ30: =_xlfn.XLOOKUP(FQ30,'Composite Datasheets'!$MC$6:$MC$25,'Composite Datasheets'!$MF$6:$MF$25,"") | GF30: 14 | GN30: =IFERROR(VLOOKUP(GH30,'Composite Datasheets'!$MC$6:$MF$25,3,0),"") -> Other | GQ30: =_xlfn.XLOOKUP(GH30,'Composite Datasheets'!$MC$6:$MC$25,'Composite Datasheets'!$MF$6:$MF$25,"") | GW30: 14 | HE30: =IFERROR(VLOOKUP(GY30,'Composite Datasheets'!$MC$6:$MF$25,3,0),"") -> Other | HH30: =_xlfn.XLOOKUP(GY30,'Composite Datasheets'!$MC$6:$MC$25,'Composite Datasheets'!$MF$6:$MF$25,"") | HN30: 14 | HV30: =IFERROR(VLOOKUP(HP30,'Composite Datasheets'!$MC$6:$MF$25,3,0),"") -> Other | HY30: =_xlfn.XLOOKUP(HP30,'Composite Datasheets'!$MC$6:$MC$25,'Composite Datasheets'!$MF$6:$MF$25,"") | IE30: 14 | IM30: =IFERROR(VLOOKUP(IG30,'Composite Datasheets'!$MC$6:$MF$25,3,0),"") -> Other | IP30: =_xlfn.XLOOKUP(IG30,'Composite Datasheets'!$MC$6:$MC$25,'Composite Datasheets'!$MF$6:$MF$25,"")
A31: 15 | C31: T700 Fabric | I31: =IFERROR(VLOOKUP(C31,'Composite Datasheets'!$MC$6:$MF$25,3,0),"") -> Bidirectional | L31: =_xlfn.XLOOKUP(C31,'Composite Datasheets'!$MC$6:$MC$25,'Composite Datasheets'!$MF$6:$MF$25,"") -> 285 | O31: 45 | R31: 15 | Z31: =IFERROR(VLOOKUP(T31,'Composite Datasheets'!$MC$6:$MF$25,3,0),"") -> Other | AC31: =_xlfn.XLOOKUP(T31,'Composite Datasheets'!$MC$6:$MC$25,'Composite Datasheets'!$MF$6:$MF$25,"") | AI31: 15 | AQ31: =IFERROR(VLOOKUP(AK31,'Composite Datasheets'!$MC$6:$MF$25,3,0),"") -> Other | AT31: =_xlfn.XLOOKUP(AK31,'Composite Datasheets'!$MC$6:$MC$25,'Composite Datasheets'!$MF$6:$MF$25,"") | AZ31: 15 | BB31: M40J Fabric | BH31: =IFERROR(VLOOKUP(BB31,'Composite Datasheets'!$MC$6:$MF$25,3,0),"") -> Bidirectional | BK31: =_xlfn.XLOOKUP(BB31,'Composite Datasheets'!$MC$6:$MC$25,'Composite Datasheets'!$MF$6:$MF$25,"") -> 200 | BN31: 45 | BQ31: 15 | BY31: =IFERROR(VLOOKUP(BS31,'Composite Datasheets'!$MC$6:$MF$25,3,0),"") -> Other | CB31: =_xlfn.XLOOKUP(BS31,'Composite Datasheets'!$MC$6:$MC$25,'Composite Datasheets'!$MF$6:$MF$25,"") | CH31: 15 | CJ31: T700 Fabric | CP31: =IFERROR(VLOOKUP(CJ31,'Composite Datasheets'!$MC$6:$MF$25,3,0),"") -> Bidirectional | CS31: =_xlfn.XLOOKUP(CJ31,'Composite Datasheets'!$MC$6:$MC$25,'Composite Datasheets'!$MF$6:$MF$25,"") -> 285 | CV31: 45 | CY31: 15 | DA31: M40J UD | DG31: =IFERROR(VLOOKUP(DA31,'Composite Datasheets'!$MC$6:$MF$25,3,0),"") -> Unidirectional | DJ31: =_xlfn.XLOOKUP(DA31,'Composite Datasheets'!$MC$6:$MC$25,'Composite Datasheets'!$MF$6:$MF$25,"") -> 200 | DM31: 0 | DP31: 15 | DR31: T700 Fabric | DX31: =IFERROR(VLOOKUP(DR31,'Composite Datasheets'!$MC$6:$MF$25,3,0),"") -> Bidirectional | EA31: =_xlfn.XLOOKUP(DR31,'Composite Datasheets'!$MC$6:$MC$25,'Composite Datasheets'!$MF$6:$MF$25,"") -> 285 | ED31: 45 | EG31: 15 | EO31: =IFERROR(VLOOKUP(EI31,'Composite Datasheets'!$MC$6:$MF$25,3,0),"") -> Other | ER31: =_xlfn.XLOOKUP(EI31,'Composite Datasheets'!$MC$6:$MC$25,'Composite Datasheets'!$MF$6:$MF$25,"") | EX31: 15 | FF31: =IFERROR(VLOOKUP(EZ31,'Composite Datasheets'!$MC$6:$MF$25,3,0),"") -> Other | FI31: =_xlfn.XLOOKUP(EZ31,'Composite Datasheets'!$MC$6:$MC$25,'Composite Datasheets'!$MF$6:$MF$25,"") | FO31: 15 | FW31: =IFERROR(VLOOKUP(FQ31,'Composite Datasheets'!$MC$6:$MF$25,3,0),"") -> Other | FZ31: =_xlfn.XLOOKUP(FQ31,'Composite Datasheets'!$MC$6:$MC$25,'Composite Datasheets'!$MF$6:$MF$25,"") | GF31: 15 | GN31: =IFERROR(VLOOKUP(GH31,'Composite Datasheets'!$MC$6:$MF$25,3,0),"") -> Other | GQ31: =_xlfn.XLOOKUP(GH31,'Composite Datasheets'!$MC$6:$MC$25,'Composite Datasheets'!$MF$6:$MF$25,"") | GW31: 15 | HE31: =IFERROR(VLOOKUP(GY31,'Composite Datasheets'!$MC$6:$MF$25,3,0),"") -> Other | HH31: =_xlfn.XLOOKUP(GY31,'Composite Datasheets'!$MC$6:$MC$25,'Composite Datasheets'!$MF$6:$MF$25,"") | HN31: 15 | HV31: =IFERROR(VLOOKUP(HP31,'Composite Datasheets'!$MC$6:$MF$25,3,0),"") -> Other | HY31: =_xlfn.XLOOKUP(HP31,'Composite Datasheets'!$MC$6:$MC$25,'Composite Datasheets'!$MF$6:$MF$25,"") | IE31: 15 | IM31: =IFERROR(VLOOKUP(IG31,'Composite Datasheets'!$MC$6:$MF$25,3,0),"") -> Other | IP31: =_xlfn.XLOOKUP(IG31,'Composite Datasheets'!$MC$6:$MC$25,'Composite Datasheets'!$MF$6:$MF$25,"")
A32: 16 | I32: =IFERROR(VLOOKUP(C32,'Composite Datasheets'!$MC$6:$MF$25,3,0),"") -> Other | L32: =_xlfn.XLOOKUP(C32,'Composite Datasheets'!$MC$6:$MC$25,'Composite Datasheets'!$MF$6:$MF$25,"") | R32: 16 | Z32: =IFERROR(VLOOKUP(T32,'Composite Datasheets'!$MC$6:$MF$25,3,0),"") -> Other | AC32: =_xlfn.XLOOKUP(T32,'Composite Datasheets'!$MC$6:$MC$25,'Composite Datasheets'!$MF$6:$MF$25,"") | AI32: 16 | AQ32: =IFERROR(VLOOKUP(AK32,'Composite Datasheets'!$MC$6:$MF$25,3,0),"") -> Other | AT32: =_xlfn.XLOOKUP(AK32,'Composite Datasheets'!$MC$6:$MC$25,'Composite Datasheets'!$MF$6:$MF$25,"") | AZ32: 16 | BH32: =IFERROR(VLOOKUP(BB32,'Composite Datasheets'!$MC$6:$MF$25,3,0),"") -> Other | BK32: =_xlfn.XLOOKUP(BB32,'Composite Datasheets'!$MC$6:$MC$25,'Composite Datasheets'!$MF$6:$MF$25,"") | BQ32: 16 | BY32: =IFERROR(VLOOKUP(BS32,'Composite Datasheets'!$MC$6:$MF$25,3,0),"") -> Other | CB32: =_xlfn.XLOOKUP(BS32,'Composite Datasheets'!$MC$6:$MC$25,'Composite Datasheets'!$MF$6:$MF$25,"") | CH32: 16 | CP32: =IFERROR(VLOOKUP(CJ32,'Composite Datasheets'!$MC$6:$MF$25,3,0),"") -> Other | CS32: =_xlfn.XLOOKUP(CJ32,'Composite Datasheets'!$MC$6:$MC$25,'Composite Datasheets'!$MF$6:$MF$25,"") | CY32: 16 | DA32: M40J UD | DG32: =IFERROR(VLOOKUP(DA32,'Composite Datasheets'!$MC$6:$MF$25,3,0),"") -> Unidirectional | DJ32: =_xlfn.XLOOKUP(DA32,'Composite Datasheets'!$MC$6:$MC$25,'Composite Datasheets'!$MF$6:$MF$25,"") -> 200 | DM32: -21 | DP32: 16 | DX32: =IFERROR(VLOOKUP(DR32,'Composite Datasheets'!$MC$6:$MF$25,3,0),"") -> Other | EA32: =_xlfn.XLOOKUP(DR32,'Composite Datasheets'!$MC$6:$MC$25,'Composite Datasheets'!$MF$6:$MF$25,"") | EG32: 16 | EO32: =IFERROR(VLOOKUP(EI32,'Composite Datasheets'!$MC$6:$MF$25,3,0),"") -> Other | ER32: =_xlfn.XLOOKUP(EI32,'Composite Datasheets'!$MC$6:$MC$25,'Composite Datasheets'!$MF$6:$MF$25,"") | EX32: 16 | FF32: =IFERROR(VLOOKUP(EZ32,'Composite Datasheets'!$MC$6:$MF$25,3,0),"") -> Other | FI32: =_xlfn.XLOOKUP(EZ32,'Composite Datasheets'!$MC$6:$MC$25,'Composite Datasheets'!$MF$6:$MF$25,"") | FO32: 16 | FW32: =IFERROR(VLOOKUP(FQ32,'Composite Datasheets'!$MC$6:$MF$25,3,0),"") -> Other | FZ32: =_xlfn.XLOOKUP(FQ32,'Composite Datasheets'!$MC$6:$MC$25,'Composite Datasheets'!$MF$6:$MF$25,"") | GF32: 16 | GN32: =IFERROR(VLOOKUP(GH32,'Composite Datasheets'!$MC$6:$MF$25,3,0),"") -> Other | GQ32: =_xlfn.XLOOKUP(GH32,'Composite Datasheets'!$MC$6:$MC$25,'Composite Datasheets'!$MF$6:$MF$25,"") | GW32: 16 | HE32: =IFERROR(VLOOKUP(GY32,'Composite Datasheets'!$MC$6:$MF$25,3,0),"") -> Other | HH32: =_xlfn.XLOOKUP(GY32,'Composite Datasheets'!$MC$6:$MC$25,'Composite Datasheets'!$MF$6:$MF$25,"") | HN32: 16 | HV32: =IFERROR(VLOOKUP(HP32,'Composite Datasheets'!$MC$6:$MF$25,3,0),"") -> Other | HY32: =_xlfn.XLOOKUP(HP32,'Composite Datasheets'!$MC$6:$MC$25,'Composite Datasheets'!$MF$6:$MF$25,"") | IE32: 16 | IM32: =IFERROR(VLOOKUP(IG32,'Composite Datasheets'!$MC$6:$MF$25,3,0),"") -> Other | IP32: =_xlfn.XLOOKUP(IG32,'Composite Datasheets'!$MC$6:$MC$25,'Composite Datasheets'!$MF$6:$MF$25,"")
A33: 17 | I33: =IFERROR(VLOOKUP(C33,'Composite Datasheets'!$MC$6:$MF$25,3,0),"") -> Other | L33: =_xlfn.XLOOKUP(C33,'Composite Datasheets'!$MC$6:$MC$25,'Composite Datasheets'!$MF$6:$MF$25,"") | R33: 17 | Z33: =IFERROR(VLOOKUP(T33,'Composite Datasheets'!$MC$6:$MF$25,3,0),"") -> Other | AC33: =_xlfn.XLOOKUP(T33,'Composite Datasheets'!$MC$6:$MC$25,'Composite Datasheets'!$MF$6:$MF$25,"") | AI33: 17 | AQ33: =IFERROR(VLOOKUP(AK33,'Composite Datasheets'!$MC$6:$MF$25,3,0),"") -> Other | AT33: =_xlfn.XLOOKUP(AK33,'Composite Datasheets'!$MC$6:$MC$25,'Composite Datasheets'!$MF$6:$MF$25,"") | AZ33: 17 | BH33: =IFERROR(VLOOKUP(BB33,'Composite Datasheets'!$MC$6:$MF$25,3,0),"") -> Other | BK33: =_xlfn.XLOOKUP(BB33,'Composite Datasheets'!$MC$6:$MC$25,'Composite Datasheets'!$MF$6:$MF$25,"") | BQ33: 17 | BY33: =IFERROR(VLOOKUP(BS33,'Composite Datasheets'!$MC$6:$MF$25,3,0),"") -> Other | CB33: =_xlfn.XLOOKUP(BS33,'Composite Datasheets'!$MC$6:$MC$25,'Composite Datasheets'!$MF$6:$MF$25,"") | CH33: 17 | CP33: =IFERROR(VLOOKUP(CJ33,'Composite Datasheets'!$MC$6:$MF$25,3,0),"") -> Other | CS33: =_xlfn.XLOOKUP(CJ33,'Composite Datasheets'!$MC$6:$MC$25,'Composite Datasheets'!$MF$6:$MF$25,"") | CY33: 17 | DA33: M40J Fabric | DG33: =IFERROR(VLOOKUP(DA33,'Composite Datasheets'!$MC$6:$MF$25,3,0),"") -> Bidirectional | DJ33: =_xlfn.XLOOKUP(DA33,'Composite Datasheets'!$MC$6:$MC$25,'Composite Datasheets'!$MF$6:$MF$25,"") -> 200 | DM33: 0 | DP33: 17 | DX33: =IFERROR(VLOOKUP(DR33,'Composite Datasheets'!$MC$6:$MF$25,3,0),"") -> Other | EA33: =_xlfn.XLOOKUP(DR33,'Composite Datasheets'!$MC$6:$MC$25,'Composite Datasheets'!$MF$6:$MF$25,"") | EG33: 17 | EO33: =IFERROR(VLOOKUP(EI33,'Composite Datasheets'!$MC$6:$MF$25,3,0),"") -> Other | ER33: =_xlfn.XLOOKUP(EI33,'Composite Datasheets'!$MC$6:$MC$25,'Composite Datasheets'!$MF$6:$MF$25,"") | EX33: 17 | FF33: =IFERROR(VLOOKUP(EZ33,'Composite Datasheets'!$MC$6:$MF$25,3,0),"") -> Other | FI33: =_xlfn.XLOOKUP(EZ33,'Composite Datasheets'!$MC$6:$MC$25,'Composite Datasheets'!$MF$6:$MF$25,"") | FO33: 17 | FW33: =IFERROR(VLOOKUP(FQ33,'Composite Datasheets'!$MC$6:$MF$25,3,0),"") -> Other | FZ33: =_xlfn.XLOOKUP(FQ33,'Composite Datasheets'!$MC$6:$MC$25,'Composite Datasheets'!$MF$6:$MF$25,"") | GF33: 17 | GN33: =IFERROR(VLOOKUP(GH33,'Composite Datasheets'!$MC$6:$MF$25,3,0),"") -> Other | GQ33: =_xlfn.XLOOKUP(GH33,'Composite Datasheets'!$MC$6:$MC$25,'Composite Datasheets'!$MF$6:$MF$25,"") | GW33: 17 | HE33: =IFERROR(VLOOKUP(GY33,'Composite Datasheets'!$MC$6:$MF$25,3,0),"") -> Other | HH33: =_xlfn.XLOOKUP(GY33,'Composite Datasheets'!$MC$6:$MC$25,'Composite Datasheets'!$MF$6:$MF$25,"") | HN33: 17 | HV33: =IFERROR(VLOOKUP(HP33,'Composite Datasheets'!$MC$6:$MF$25,3,0),"") -> Other | HY33: =_xlfn.XLOOKUP(HP33,'Composite Datasheets'!$MC$6:$MC$25,'Composite Datasheets'!$MF$6:$MF$25,"") | IE33: 17 | IM33: =IFERROR(VLOOKUP(IG33,'Composite Datasheets'!$MC$6:$MF$25,3,0),"") -> Other | IP33: =_xlfn.XLOOKUP(IG33,'Composite Datasheets'!$MC$6:$MC$25,'Composite Datasheets'!$MF$6:$MF$25,"")
A34: 18 | I34: =IFERROR(VLOOKUP(C34,'Composite Datasheets'!$MC$6:$MF$25,3,0),"") -> Other | L34: =_xlfn.XLOOKUP(C34,'Composite Datasheets'!$MC$6:$MC$25,'Composite Datasheets'!$MF$6:$MF$25,"") | R34: 18 | Z34: =IFERROR(VLOOKUP(T34,'Composite Datasheets'!$MC$6:$MF$25,3,0),"") -> Other | AC34: =_xlfn.XLOOKUP(T34,'Composite Datasheets'!$MC$6:$MC$25,'Composite Datasheets'!$MF$6:$MF$25,"") | AI34: 18 | AQ34: =IFERROR(VLOOKUP(AK34,'Composite Datasheets'!$MC$6:$MF$25,3,0),"") -> Other | AT34: =_xlfn.XLOOKUP(AK34,'Composite Datasheets'!$MC$6:$MC$25,'Composite Datasheets'!$MF$6:$MF$25,"") | AZ34: 18 | BH34: =IFERROR(VLOOKUP(BB34,'Composite Datasheets'!$MC$6:$MF$25,3,0),"") -> Other | BK34: =_xlfn.XLOOKUP(BB34,'Composite Datasheets'!$MC$6:$MC$25,'Composite Datasheets'!$MF$6:$MF$25,"") | BQ34: 18 | BY34: =IFERROR(VLOOKUP(BS34,'Composite Datasheets'!$MC$6:$MF$25,3,0),"") -> Other | CB34: =_xlfn.XLOOKUP(BS34,'Composite Datasheets'!$MC$6:$MC$25,'Composite Datasheets'!$MF$6:$MF$25,"") | CH34: 18 | CP34: =IFERROR(VLOOKUP(CJ34,'Composite Datasheets'!$MC$6:$MF$25,3,0),"") -> Other | CS34: =_xlfn.XLOOKUP(CJ34,'Composite Datasheets'!$MC$6:$MC$25,'Composite Datasheets'!$MF$6:$MF$25,"") | CY34: 18 | DA34: M40J Fabric | DG34: =IFERROR(VLOOKUP(DA34,'Composite Datasheets'!$MC$6:$MF$25,3,0),"") -> Bidirectional | DJ34: =_xlfn.XLOOKUP(DA34,'Composite Datasheets'!$MC$6:$MC$25,'Composite Datasheets'!$MF$6:$MF$25,"") -> 200 | DM34: 0 | DP34: 18 | DX34: =IFERROR(VLOOKUP(DR34,'Composite Datasheets'!$MC$6:$MF$25,3,0),"") -> Other | EA34: =_xlfn.XLOOKUP(DR34,'Composite Datasheets'!$MC$6:$MC$25,'Composite Datasheets'!$MF$6:$MF$25,"") | EG34: 18 | EO34: =IFERROR(VLOOKUP(EI34,'Composite Datasheets'!$MC$6:$MF$25,3,0),"") -> Other | ER34: =_xlfn.XLOOKUP(EI34,'Composite Datasheets'!$MC$6:$MC$25,'Composite Datasheets'!$MF$6:$MF$25,"") | EX34: 18 | FF34: =IFERROR(VLOOKUP(EZ34,'Composite Datasheets'!$MC$6:$MF$25,3,0),"") -> Other | FI34: =_xlfn.XLOOKUP(EZ34,'Composite Datasheets'!$MC$6:$MC$25,'Composite Datasheets'!$MF$6:$MF$25,"") | FO34: 18 | FW34: =IFERROR(VLOOKUP(FQ34,'Composite Datasheets'!$MC$6:$MF$25,3,0),"") -> Other | FZ34: =_xlfn.XLOOKUP(FQ34,'Composite Datasheets'!$MC$6:$MC$25,'Composite Datasheets'!$MF$6:$MF$25,"") | GF34: 18 | GN34: =IFERROR(VLOOKUP(GH34,'Composite Datasheets'!$MC$6:$MF$25,3,0),"") -> Other | GQ34: =_xlfn.XLOOKUP(GH34,'Composite Datasheets'!$MC$6:$MC$25,'Composite Datasheets'!$MF$6:$MF$25,"") | GW34: 18 | HE34: =IFERROR(VLOOKUP(GY34,'Composite Datasheets'!$MC$6:$MF$25,3,0),"") -> Other | HH34: =_xlfn.XLOOKUP(GY34,'Composite Datasheets'!$MC$6:$MC$25,'Composite Datasheets'!$MF$6:$MF$25,"") | HN34: 18 | HV34: =IFERROR(VLOOKUP(HP34,'Composite Datasheets'!$MC$6:$MF$25,3,0),"") -> Other | HY34: =_xlfn.XLOOKUP(HP34,'Composite Datasheets'!$MC$6:$MC$25,'Composite Datasheets'!$MF$6:$MF$25,"") | IE34: 18 | IM34: =IFERROR(VLOOKUP(IG34,'Composite Datasheets'!$MC$6:$MF$25,3,0),"") -> Other | IP34: =_xlfn.XLOOKUP(IG34,'Composite Datasheets'!$MC$6:$MC$25,'Composite Datasheets'!$MF$6:$MF$25,"")
A35: 19 | I35: =IFERROR(VLOOKUP(C35,'Composite Datasheets'!$MC$6:$MF$25,3,0),"") -> Other | L35: =_xlfn.XLOOKUP(C35,'Composite Datasheets'!$MC$6:$MC$25,'Composite Datasheets'!$MF$6:$MF$25,"") | R35: 19 | Z35: =IFERROR(VLOOKUP(T35,'Composite Datasheets'!$MC$6:$MF$25,3,0),"") -> Other | AC35: =_xlfn.XLOOKUP(T35,'Composite Datasheets'!$MC$6:$MC$25,'Composite Datasheets'!$MF$6:$MF$25,"") | AI35: 19 | AQ35: =IFERROR(VLOOKUP(AK35,'Composite Datasheets'!$MC$6:$MF$25,3,0),"") -> Other | AT35: =_xlfn.XLOOKUP(AK35,'Composite Datasheets'!$MC$6:$MC$25,'Composite Datasheets'!$MF$6:$MF$25,"") | AZ35: 19 | BH35: =IFERROR(VLOOKUP(BB35,'Composite Datasheets'!$MC$6:$MF$25,3,0),"") -> Other | BK35: =_xlfn.XLOOKUP(BB35,'Composite Datasheets'!$MC$6:$MC$25,'Composite Datasheets'!$MF$6:$MF$25,"") | BQ35: 19 | BY35: =IFERROR(VLOOKUP(BS35,'Composite Datasheets'!$MC$6:$MF$25,3,0),"") -> Other | CB35: =_xlfn.XLOOKUP(BS35,'Composite Datasheets'!$MC$6:$MC$25,'Composite Datasheets'!$MF$6:$MF$25,"") | CH35: 19 | CP35: =IFERROR(VLOOKUP(CJ35,'Composite Datasheets'!$MC$6:$MF$25,3,0),"") -> Other | CS35: =_xlfn.XLOOKUP(CJ35,'Composite Datasheets'!$MC$6:$MC$25,'Composite Datasheets'!$MF$6:$MF$25,"") | CY35: 19 | DG35: =IFERROR(VLOOKUP(DA35,'Composite Datasheets'!$MC$6:$MF$25,3,0),"") -> Other | DJ35: =_xlfn.XLOOKUP(DA35,'Composite Datasheets'!$MC$6:$MC$25,'Composite Datasheets'!$MF$6:$MF$25,"") | DM35: 45 | DP35: 19 | DX35: =IFERROR(VLOOKUP(DR35,'Composite Datasheets'!$MC$6:$MF$25,3,0),"") -> Other | EA35: =_xlfn.XLOOKUP(DR35,'Composite Datasheets'!$MC$6:$MC$25,'Composite Datasheets'!$MF$6:$MF$25,"") | EG35: 19 | EO35: =IFERROR(VLOOKUP(EI35,'Composite Datasheets'!$MC$6:$MF$25,3,0),"") -> Other | ER35: =_xlfn.XLOOKUP(EI35,'Composite Datasheets'!$MC$6:$MC$25,'Composite Datasheets'!$MF$6:$MF$25,"") | EX35: 19 | FF35: =IFERROR(VLOOKUP(EZ35,'Composite Datasheets'!$MC$6:$MF$25,3,0),"") -> Other | FI35: =_xlfn.XLOOKUP(EZ35,'Composite Datasheets'!$MC$6:$MC$25,'Composite Datasheets'!$MF$6:$MF$25,"") | FO35: 19 | FW35: =IFERROR(VLOOKUP(FQ35,'Composite Datasheets'!$MC$6:$MF$25,3,0),"") -> Other | FZ35: =_xlfn.XLOOKUP(FQ35,'Composite Datasheets'!$MC$6:$MC$25,'Composite Datasheets'!$MF$6:$MF$25,"") | GF35: 19 | GN35: =IFERROR(VLOOKUP(GH35,'Composite Datasheets'!$MC$6:$MF$25,3,0),"") -> Other | GQ35: =_xlfn.XLOOKUP(GH35,'Composite Datasheets'!$MC$6:$MC$25,'Composite Datasheets'!$MF$6:$MF$25,"") | GW35: 19 | HE35: =IFERROR(VLOOKUP(GY35,'Composite Datasheets'!$MC$6:$MF$25,3,0),"") -> Other | HH35: =_xlfn.XLOOKUP(GY35,'Composite Datasheets'!$MC$6:$MC$25,'Composite Datasheets'!$MF$6:$MF$25,"") | HN35: 19 | HV35: =IFERROR(VLOOKUP(HP35,'Composite Datasheets'!$MC$6:$MF$25,3,0),"") -> Other | HY35: =_xlfn.XLOOKUP(HP35,'Composite Datasheets'!$MC$6:$MC$25,'Composite Datasheets'!$MF$6:$MF$25,"") | IE35: 19 | IM35: =IFERROR(VLOOKUP(IG35,'Composite Datasheets'!$MC$6:$MF$25,3,0),"") -> Other | IP35: =_xlfn.XLOOKUP(IG35,'Composite Datasheets'!$MC$6:$MC$25,'Composite Datasheets'!$MF$6:$MF$25,"")
A36: 20 | I36: =IFERROR(VLOOKUP(C36,'Composite Datasheets'!$MC$6:$MF$25,3,0),"") -> Other | L36: =_xlfn.XLOOKUP(C36,'Composite Datasheets'!$MC$6:$MC$25,'Composite Datasheets'!$MF$6:$MF$25,"") | R36: 20 | Z36: =IFERROR(VLOOKUP(T36,'Composite Datasheets'!$MC$6:$MF$25,3,0),"") -> Other | AC36: =_xlfn.XLOOKUP(T36,'Composite Datasheets'!$MC$6:$MC$25,'Composite Datasheets'!$MF$6:$MF$25,"") | AI36: 20 | AQ36: =IFERROR(VLOOKUP(AK36,'Composite Datasheets'!$MC$6:$MF$25,3,0),"") -> Other | AT36: =_xlfn.XLOOKUP(AK36,'Composite Datasheets'!$MC$6:$MC$25,'Composite Datasheets'!$MF$6:$MF$25,"") | AZ36: 20 | BH36: =IFERROR(VLOOKUP(BB36,'Composite Datasheets'!$MC$6:$MF$25,3,0),"") -> Other | BK36: =_xlfn.XLOOKUP(BB36,'Composite Datasheets'!$MC$6:$MC$25,'Composite Datasheets'!$MF$6:$MF$25,"") | BQ36: 20 | BY36: =IFERROR(VLOOKUP(BS36,'Composite Datasheets'!$MC$6:$MF$25,3,0),"") -> Other | CB36: =_xlfn.XLOOKUP(BS36,'Composite Datasheets'!$MC$6:$MC$25,'Composite Datasheets'!$MF$6:$MF$25,"") | CH36: 20 | CP36: =IFERROR(VLOOKUP(CJ36,'Composite Datasheets'!$MC$6:$MF$25,3,0),"") -> Other | CS36: =_xlfn.XLOOKUP(CJ36,'Composite Datasheets'!$MC$6:$MC$25,'Composite Datasheets'!$MF$6:$MF$25,"") | CY36: 20 | DG36: =IFERROR(VLOOKUP(DA36,'Composite Datasheets'!$MC$6:$MF$25,3,0),"") -> Other | DJ36: =_xlfn.XLOOKUP(DA36,'Composite Datasheets'!$MC$6:$MC$25,'Composite Datasheets'!$MF$6:$MF$25,"") | DP36: 20 | DX36: =IFERROR(VLOOKUP(DR36,'Composite Datasheets'!$MC$6:$MF$25,3,0),"") -> Other | EA36: =_xlfn.XLOOKUP(DR36,'Composite Datasheets'!$MC$6:$MC$25,'Composite Datasheets'!$MF$6:$MF$25,"") | EG36: 20 | EO36: =IFERROR(VLOOKUP(EI36,'Composite Datasheets'!$MC$6:$MF$25,3,0),"") -> Other | ER36: =_xlfn.XLOOKUP(EI36,'Composite Datasheets'!$MC$6:$MC$25,'Composite Datasheets'!$MF$6:$MF$25,"") | EX36: 20 | FF36: =IFERROR(VLOOKUP(EZ36,'Composite Datasheets'!$MC$6:$MF$25,3,0),"") -> Other | FI36: =_xlfn.XLOOKUP(EZ36,'Composite Datasheets'!$MC$6:$MC$25,'Composite Datasheets'!$MF$6:$MF$25,"") | FO36: 20 | FW36: =IFERROR(VLOOKUP(FQ36,'Composite Datasheets'!$MC$6:$MF$25,3,0),"") -> Other | FZ36: =_xlfn.XLOOKUP(FQ36,'Composite Datasheets'!$MC$6:$MC$25,'Composite Datasheets'!$MF$6:$MF$25,"") | GF36: 20 | GN36: =IFERROR(VLOOKUP(GH36,'Composite Datasheets'!$MC$6:$MF$25,3,0),"") -> Other | GQ36: =_xlfn.XLOOKUP(GH36,'Composite Datasheets'!$MC$6:$MC$25,'Composite Datasheets'!$MF$6:$MF$25,"") | GW36: 20 | HE36: =IFERROR(VLOOKUP(GY36,'Composite Datasheets'!$MC$6:$MF$25,3,0),"") -> Other | HH36: =_xlfn.XLOOKUP(GY36,'Composite Datasheets'!$MC$6:$MC$25,'Composite Datasheets'!$MF$6:$MF$25,"") | HN36: 20 | HV36: =IFERROR(VLOOKUP(HP36,'Composite Datasheets'!$MC$6:$MF$25,3,0),"") -> Other | HY36: =_xlfn.XLOOKUP(HP36,'Composite Datasheets'!$MC$6:$MC$25,'Composite Datasheets'!$MF$6:$MF$25,"") | IE36: 20 | IM36: =IFERROR(VLOOKUP(IG36,'Composite Datasheets'!$MC$6:$MF$25,3,0),"") -> Other | IP36: =_xlfn.XLOOKUP(IG36,'Composite Datasheets'!$MC$6:$MC$25,'Composite Datasheets'!$MF$6:$MF$25,"")
A37: 21 | I37: =IFERROR(VLOOKUP(C37,'Composite Datasheets'!$MC$6:$MF$25,3,0),"") -> Other | L37: =_xlfn.XLOOKUP(C37,'Composite Datasheets'!$MC$6:$MC$25,'Composite Datasheets'!$MF$6:$MF$25,"") | R37: 21 | Z37: =IFERROR(VLOOKUP(T37,'Composite Datasheets'!$MC$6:$MF$25,3,0),"") -> Other | AC37: =_xlfn.XLOOKUP(T37,'Composite Datasheets'!$MC$6:$MC$25,'Composite Datasheets'!$MF$6:$MF$25,"") | AI37: 21 | AQ37: =IFERROR(VLOOKUP(AK37,'Composite Datasheets'!$MC$6:$MF$25,3,0),"") -> Other | AT37: =_xlfn.XLOOKUP(AK37,'Composite Datasheets'!$MC$6:$MC$25,'Composite Datasheets'!$MF$6:$MF$25,"") | AZ37: 21 | BH37: =IFERROR(VLOOKUP(BB37,'Composite Datasheets'!$MC$6:$MF$25,3,0),"") -> Other | BK37: =_xlfn.XLOOKUP(BB37,'Composite Datasheets'!$MC$6:$MC$25,'Composite Datasheets'!$MF$6:$MF$25,"") | BQ37: 21 | BY37: =IFERROR(VLOOKUP(BS37,'Composite Datasheets'!$MC$6:$MF$25,3,0),"") -> Other | CB37: =_xlfn.XLOOKUP(BS37,'Composite Datasheets'!$MC$6:$MC$25,'Composite Datasheets'!$MF$6:$MF$25,"") | CH37: 21 | CP37: =IFERROR(VLOOKUP(CJ37,'Composite Datasheets'!$MC$6:$MF$25,3,0),"") -> Other | CS37: =_xlfn.XLOOKUP(CJ37,'Composite Datasheets'!$MC$6:$MC$25,'Composite Datasheets'!$MF$6:$MF$25,"") | CY37: 21 | DG37: =IFERROR(VLOOKUP(DA37,'Composite Datasheets'!$MC$6:$MF$25,3,0),"") -> Other | DJ37: =_xlfn.XLOOKUP(DA37,'Composite Datasheets'!$MC$6:$MC$25,'Composite Datasheets'!$MF$6:$MF$25,"") | DP37: 21 | DX37: =IFERROR(VLOOKUP(DR37,'Composite Datasheets'!$MC$6:$MF$25,3,0),"") -> Other | EA37: =_xlfn.XLOOKUP(DR37,'Composite Datasheets'!$MC$6:$MC$25,'Composite Datasheets'!$MF$6:$MF$25,"") | EG37: 21 | EO37: =IFERROR(VLOOKUP(EI37,'Composite Datasheets'!$MC$6:$MF$25,3,0),"") -> Other | ER37: =_xlfn.XLOOKUP(EI37,'Composite Datasheets'!$MC$6:$MC$25,'Composite Datasheets'!$MF$6:$MF$25,"") | EX37: 21 | FF37: =IFERROR(VLOOKUP(EZ37,'Composite Datasheets'!$MC$6:$MF$25,3,0),"") -> Other | FI37: =_xlfn.XLOOKUP(EZ37,'Composite Datasheets'!$MC$6:$MC$25,'Composite Datasheets'!$MF$6:$MF$25,"") | FO37: 21 | FW37: =IFERROR(VLOOKUP(FQ37,'Composite Datasheets'!$MC$6:$MF$25,3,0),"") -> Other | FZ37: =_xlfn.XLOOKUP(FQ37,'Composite Datasheets'!$MC$6:$MC$25,'Composite Datasheets'!$MF$6:$MF$25,"") | GF37: 21 | GN37: =IFERROR(VLOOKUP(GH37,'Composite Datasheets'!$MC$6:$MF$25,3,0),"") -> Other | GQ37: =_xlfn.XLOOKUP(GH37,'Composite Datasheets'!$MC$6:$MC$25,'Composite Datasheets'!$MF$6:$MF$25,"") | GW37: 21 | HE37: =IFERROR(VLOOKUP(GY37,'Composite Datasheets'!$MC$6:$MF$25,3,0),"") -> Other | HH37: =_xlfn.XLOOKUP(GY37,'Composite Datasheets'!$MC$6:$MC$25,'Composite Datasheets'!$MF$6:$MF$25,"") | HN37: 21 | HV37: =IFERROR(VLOOKUP(HP37,'Composite Datasheets'!$MC$6:$MF$25,3,0),"") -> Other | HY37: =_xlfn.XLOOKUP(HP37,'Composite Datasheets'!$MC$6:$MC$25,'Composite Datasheets'!$MF$6:$MF$25,"") | IE37: 21 | IM37: =IFERROR(VLOOKUP(IG37,'Composite Datasheets'!$MC$6:$MF$25,3,0),"") -> Other | IP37: =_xlfn.XLOOKUP(IG37,'Composite Datasheets'!$MC$6:$MC$25,'Composite Datasheets'!$MF$6:$MF$25,"")
A38: 22 | I38: =IFERROR(VLOOKUP(C38,'Composite Datasheets'!$MC$6:$MF$25,3,0),"") -> Other | L38: =_xlfn.XLOOKUP(C38,'Composite Datasheets'!$MC$6:$MC$25,'Composite Datasheets'!$MF$6:$MF$25,"") | R38: 22 | Z38: =IFERROR(VLOOKUP(T38,'Composite Datasheets'!$MC$6:$MF$25,3,0),"") -> Other | AC38: =_xlfn.XLOOKUP(T38,'Composite Datasheets'!$MC$6:$MC$25,'Composite Datasheets'!$MF$6:$MF$25,"") | AI38: 22 | AQ38: =IFERROR(VLOOKUP(AK38,'Composite Datasheets'!$MC$6:$MF$25,3,0),"") -> Other | AT38: =_xlfn.XLOOKUP(AK38,'Composite Datasheets'!$MC$6:$MC$25,'Composite Datasheets'!$MF$6:$MF$25,"") | AZ38: 22 | BH38: =IFERROR(VLOOKUP(BB38,'Composite Datasheets'!$MC$6:$MF$25,3,0),"") -> Other | BK38: =_xlfn.XLOOKUP(BB38,'Composite Datasheets'!$MC$6:$MC$25,'Composite Datasheets'!$MF$6:$MF$25,"") | BQ38: 22 | BY38: =IFERROR(VLOOKUP(BS38,'Composite Datasheets'!$MC$6:$MF$25,3,0),"") -> Other | CB38: =_xlfn.XLOOKUP(BS38,'Composite Datasheets'!$MC$6:$MC$25,'Composite Datasheets'!$MF$6:$MF$25,"") | CH38: 22 | CP38: =IFERROR(VLOOKUP(CJ38,'Composite Datasheets'!$MC$6:$MF$25,3,0),"") -> Other | CS38: =_xlfn.XLOOKUP(CJ38,'Composite Datasheets'!$MC$6:$MC$25,'Composite Datasheets'!$MF$6:$MF$25,"") | CY38: 22 | DG38: =IFERROR(VLOOKUP(DA38,'Composite Datasheets'!$MC$6:$MF$25,3,0),"") -> Other | DJ38: =_xlfn.XLOOKUP(DA38,'Composite Datasheets'!$MC$6:$MC$25,'Composite Datasheets'!$MF$6:$MF$25,"") | DP38: 22 | DX38: =IFERROR(VLOOKUP(DR38,'Composite Datasheets'!$MC$6:$MF$25,3,0),"") -> Other | EA38: =_xlfn.XLOOKUP(DR38,'Composite Datasheets'!$MC$6:$MC$25,'Composite Datasheets'!$MF$6:$MF$25,"") | EG38: 22 | EO38: =IFERROR(VLOOKUP(EI38,'Composite Datasheets'!$MC$6:$MF$25,3,0),"") -> Other | ER38: =_xlfn.XLOOKUP(EI38,'Composite Datasheets'!$MC$6:$MC$25,'Composite Datasheets'!$MF$6:$MF$25,"") | EX38: 22 | FF38: =IFERROR(VLOOKUP(EZ38,'Composite Datasheets'!$MC$6:$MF$25,3,0),"") -> Other | FI38: =_xlfn.XLOOKUP(EZ38,'Composite Datasheets'!$MC$6:$MC$25,'Composite Datasheets'!$MF$6:$MF$25,"") | FO38: 22 | FW38: =IFERROR(VLOOKUP(FQ38,'Composite Datasheets'!$MC$6:$MF$25,3,0),"") -> Other | FZ38: =_xlfn.XLOOKUP(FQ38,'Composite Datasheets'!$MC$6:$MC$25,'Composite Datasheets'!$MF$6:$MF$25,"") | GF38: 22 | GN38: =IFERROR(VLOOKUP(GH38,'Composite Datasheets'!$MC$6:$MF$25,3,0),"") -> Other | GQ38: =_xlfn.XLOOKUP(GH38,'Composite Datasheets'!$MC$6:$MC$25,'Composite Datasheets'!$MF$6:$MF$25,"") | GW38: 22 | HE38: =IFERROR(VLOOKUP(GY38,'Composite Datasheets'!$MC$6:$MF$25,3,0),"") -> Other | HH38: =_xlfn.XLOOKUP(GY38,'Composite Datasheets'!$MC$6:$MC$25,'Composite Datasheets'!$MF$6:$MF$25,"") | HN38: 22 | HV38: =IFERROR(VLOOKUP(HP38,'Composite Datasheets'!$MC$6:$MF$25,3,0),"") -> Other | HY38: =_xlfn.XLOOKUP(HP38,'Composite Datasheets'!$MC$6:$MC$25,'Composite Datasheets'!$MF$6:$MF$25,"") | IE38: 22 | IM38: =IFERROR(VLOOKUP(IG38,'Composite Datasheets'!$MC$6:$MF$25,3,0),"") -> Other | IP38: =_xlfn.XLOOKUP(IG38,'Composite Datasheets'!$MC$6:$MC$25,'Composite Datasheets'!$MF$6:$MF$25,"")
A39: 23 | I39: =IFERROR(VLOOKUP(C39,'Composite Datasheets'!$MC$6:$MF$25,3,0),"") -> Other | L39: =_xlfn.XLOOKUP(C39,'Composite Datasheets'!$MC$6:$MC$25,'Composite Datasheets'!$MF$6:$MF$25,"") | R39: 23 | Z39: =IFERROR(VLOOKUP(T39,'Composite Datasheets'!$MC$6:$MF$25,3,0),"") -> Other | AC39: =_xlfn.XLOOKUP(T39,'Composite Datasheets'!$MC$6:$MC$25,'Composite Datasheets'!$MF$6:$MF$25,"") | AI39: 23 | AQ39: =IFERROR(VLOOKUP(AK39,'Composite Datasheets'!$MC$6:$MF$25,3,0),"") -> Other | AT39: =_xlfn.XLOOKUP(AK39,'Composite Datasheets'!$MC$6:$MC$25,'Composite Datasheets'!$MF$6:$MF$25,"") | AZ39: 23 | BH39: =IFERROR(VLOOKUP(BB39,'Composite Datasheets'!$MC$6:$MF$25,3,0),"") -> Other | BK39: =_xlfn.XLOOKUP(BB39,'Composite Datasheets'!$MC$6:$MC$25,'Composite Datasheets'!$MF$6:$MF$25,"") | BQ39: 23 | BY39: =IFERROR(VLOOKUP(BS39,'Composite Datasheets'!$MC$6:$MF$25,3,0),"") -> Other | CB39: =_xlfn.XLOOKUP(BS39,'Composite Datasheets'!$MC$6:$MC$25,'Composite Datasheets'!$MF$6:$MF$25,"") | CH39: 23 | CP39: =IFERROR(VLOOKUP(CJ39,'Composite Datasheets'!$MC$6:$MF$25,3,0),"") -> Other | CS39: =_xlfn.XLOOKUP(CJ39,'Composite Datasheets'!$MC$6:$MC$25,'Composite Datasheets'!$MF$6:$MF$25,"") | CY39: 23 | DG39: =IFERROR(VLOOKUP(DA39,'Composite Datasheets'!$MC$6:$MF$25,3,0),"") -> Other | DJ39: =_xlfn.XLOOKUP(DA39,'Composite Datasheets'!$MC$6:$MC$25,'Composite Datasheets'!$MF$6:$MF$25,"") | DP39: 23 | DX39: =IFERROR(VLOOKUP(DR39,'Composite Datasheets'!$MC$6:$MF$25,3,0),"") -> Other | EA39: =_xlfn.XLOOKUP(DR39,'Composite Datasheets'!$MC$6:$MC$25,'Composite Datasheets'!$MF$6:$MF$25,"") | EG39: 23 | EO39: =IFERROR(VLOOKUP(EI39,'Composite Datasheets'!$MC$6:$MF$25,3,0),"") -> Other | ER39: =_xlfn.XLOOKUP(EI39,'Composite Datasheets'!$MC$6:$MC$25,'Composite Datasheets'!$MF$6:$MF$25,"") | EX39: 23 | FF39: =IFERROR(VLOOKUP(EZ39,'Composite Datasheets'!$MC$6:$MF$25,3,0),"") -> Other | FI39: =_xlfn.XLOOKUP(EZ39,'Composite Datasheets'!$MC$6:$MC$25,'Composite Datasheets'!$MF$6:$MF$25,"") | FO39: 23 | FW39: =IFERROR(VLOOKUP(FQ39,'Composite Datasheets'!$MC$6:$MF$25,3,0),"") -> Other | FZ39: =_xlfn.XLOOKUP(FQ39,'Composite Datasheets'!$MC$6:$MC$25,'Composite Datasheets'!$MF$6:$MF$25,"") | GF39: 23 | GN39: =IFERROR(VLOOKUP(GH39,'Composite Datasheets'!$MC$6:$MF$25,3,0),"") -> Other | GQ39: =_xlfn.XLOOKUP(GH39,'Composite Datasheets'!$MC$6:$MC$25,'Composite Datasheets'!$MF$6:$MF$25,"") | GW39: 23 | HE39: =IFERROR(VLOOKUP(GY39,'Composite Datasheets'!$MC$6:$MF$25,3,0),"") -> Other | HH39: =_xlfn.XLOOKUP(GY39,'Composite Datasheets'!$MC$6:$MC$25,'Composite Datasheets'!$MF$6:$MF$25,"") | HN39: 23 | HV39: =IFERROR(VLOOKUP(HP39,'Composite Datasheets'!$MC$6:$MF$25,3,0),"") -> Other | HY39: =_xlfn.XLOOKUP(HP39,'Composite Datasheets'!$MC$6:$MC$25,'Composite Datasheets'!$MF$6:$MF$25,"") | IE39: 23 | IM39: =IFERROR(VLOOKUP(IG39,'Composite Datasheets'!$MC$6:$MF$25,3,0),"") -> Other | IP39: =_xlfn.XLOOKUP(IG39,'Composite Datasheets'!$MC$6:$MC$25,'Composite Datasheets'!$MF$6:$MF$25,"")
A40: 24 | I40: =IFERROR(VLOOKUP(C40,'Composite Datasheets'!$MC$6:$MF$25,3,0),"") -> Other | L40: =_xlfn.XLOOKUP(C40,'Composite Datasheets'!$MC$6:$MC$25,'Composite Datasheets'!$MF$6:$MF$25,"") | R40: 24 | Z40: =IFERROR(VLOOKUP(T40,'Composite Datasheets'!$MC$6:$MF$25,3,0),"") -> Other | AC40: =_xlfn.XLOOKUP(T40,'Composite Datasheets'!$MC$6:$MC$25,'Composite Datasheets'!$MF$6:$MF$25,"") | AI40: 24 | AQ40: =IFERROR(VLOOKUP(AK40,'Composite Datasheets'!$MC$6:$MF$25,3,0),"") -> Other | AT40: =_xlfn.XLOOKUP(AK40,'Composite Datasheets'!$MC$6:$MC$25,'Composite Datasheets'!$MF$6:$MF$25,"") | AZ40: 24 | BH40: =IFERROR(VLOOKUP(BB40,'Composite Datasheets'!$MC$6:$MF$25,3,0),"") -> Other | BK40: =_xlfn.XLOOKUP(BB40,'Composite Datasheets'!$MC$6:$MC$25,'Composite Datasheets'!$MF$6:$MF$25,"") | BQ40: 24 | BY40: =IFERROR(VLOOKUP(BS40,'Composite Datasheets'!$MC$6:$MF$25,3,0),"") -> Other | CB40: =_xlfn.XLOOKUP(BS40,'Composite Datasheets'!$MC$6:$MC$25,'Composite Datasheets'!$MF$6:$MF$25,"") | CH40: 24 | CP40: =IFERROR(VLOOKUP(CJ40,'Composite Datasheets'!$MC$6:$MF$25,3,0),"") -> Other | CS40: =_xlfn.XLOOKUP(CJ40,'Composite Datasheets'!$MC$6:$MC$25,'Composite Datasheets'!$MF$6:$MF$25,"") | CY40: 24 | DG40: =IFERROR(VLOOKUP(DA40,'Composite Datasheets'!$MC$6:$MF$25,3,0),"") -> Other | DJ40: =_xlfn.XLOOKUP(DA40,'Composite Datasheets'!$MC$6:$MC$25,'Composite Datasheets'!$MF$6:$MF$25,"") | DP40: 24 | DX40: =IFERROR(VLOOKUP(DR40,'Composite Datasheets'!$MC$6:$MF$25,3,0),"") -> Other | EA40: =_xlfn.XLOOKUP(DR40,'Composite Datasheets'!$MC$6:$MC$25,'Composite Datasheets'!$MF$6:$MF$25,"") | EG40: 24 | EO40: =IFERROR(VLOOKUP(EI40,'Composite Datasheets'!$MC$6:$MF$25,3,0),"") -> Other | ER40: =_xlfn.XLOOKUP(EI40,'Composite Datasheets'!$MC$6:$MC$25,'Composite Datasheets'!$MF$6:$MF$25,"") | EX40: 24 | FF40: =IFERROR(VLOOKUP(EZ40,'Composite Datasheets'!$MC$6:$MF$25,3,0),"") -> Other | FI40: =_xlfn.XLOOKUP(EZ40,'Composite Datasheets'!$MC$6:$MC$25,'Composite Datasheets'!$MF$6:$MF$25,"") | FO40: 24 | FW40: =IFERROR(VLOOKUP(FQ40,'Composite Datasheets'!$MC$6:$MF$25,3,0),"") -> Other | FZ40: =_xlfn.XLOOKUP(FQ40,'Composite Datasheets'!$MC$6:$MC$25,'Composite Datasheets'!$MF$6:$MF$25,"") | GF40: 24 | GN40: =IFERROR(VLOOKUP(GH40,'Composite Datasheets'!$MC$6:$MF$25,3,0),"") -> Other | GQ40: =_xlfn.XLOOKUP(GH40,'Composite Datasheets'!$MC$6:$MC$25,'Composite Datasheets'!$MF$6:$MF$25,"") | GW40: 24 | HE40: =IFERROR(VLOOKUP(GY40,'Composite Datasheets'!$MC$6:$MF$25,3,0),"") -> Other | HH40: =_xlfn.XLOOKUP(GY40,'Composite Datasheets'!$MC$6:$MC$25,'Composite Datasheets'!$MF$6:$MF$25,"") | HN40: 24 | HV40: =IFERROR(VLOOKUP(HP40,'Composite Datasheets'!$MC$6:$MF$25,3,0),"") -> Other | HY40: =_xlfn.XLOOKUP(HP40,'Composite Datasheets'!$MC$6:$MC$25,'Composite Datasheets'!$MF$6:$MF$25,"") | IE40: 24 | IM40: =IFERROR(VLOOKUP(IG40,'Composite Datasheets'!$MC$6:$MF$25,3,0),"") -> Other | IP40: =_xlfn.XLOOKUP(IG40,'Composite Datasheets'!$MC$6:$MC$25,'Composite Datasheets'!$MF$6:$MF$25,"")
A41: 25 | I41: =IFERROR(VLOOKUP(C41,'Composite Datasheets'!$MC$6:$MF$25,3,0),"") -> Other | L41: =_xlfn.XLOOKUP(C41,'Composite Datasheets'!$MC$6:$MC$25,'Composite Datasheets'!$MF$6:$MF$25,"") | R41: 25 | Z41: =IFERROR(VLOOKUP(T41,'Composite Datasheets'!$MC$6:$MF$25,3,0),"") -> Other | AC41: =_xlfn.XLOOKUP(T41,'Composite Datasheets'!$MC$6:$MC$25,'Composite Datasheets'!$MF$6:$MF$25,"") | AI41: 25 | AQ41: =IFERROR(VLOOKUP(AK41,'Composite Datasheets'!$MC$6:$MF$25,3,0),"") -> Other | AT41: =_xlfn.XLOOKUP(AK41,'Composite Datasheets'!$MC$6:$MC$25,'Composite Datasheets'!$MF$6:$MF$25,"") | AZ41: 25 | BH41: =IFERROR(VLOOKUP(BB41,'Composite Datasheets'!$MC$6:$MF$25,3,0),"") -> Other | BK41: =_xlfn.XLOOKUP(BB41,'Composite Datasheets'!$MC$6:$MC$25,'Composite Datasheets'!$MF$6:$MF$25,"") | BQ41: 25 | BY41: =IFERROR(VLOOKUP(BS41,'Composite Datasheets'!$MC$6:$MF$25,3,0),"") -> Other | CB41: =_xlfn.XLOOKUP(BS41,'Composite Datasheets'!$MC$6:$MC$25,'Composite Datasheets'!$MF$6:$MF$25,"") | CH41: 25 | CP41: =IFERROR(VLOOKUP(CJ41,'Composite Datasheets'!$MC$6:$MF$25,3,0),"") -> Other | CS41: =_xlfn.XLOOKUP(CJ41,'Composite Datasheets'!$MC$6:$MC$25,'Composite Datasheets'!$MF$6:$MF$25,"") | CY41: 25 | DG41: =IFERROR(VLOOKUP(DA41,'Composite Datasheets'!$MC$6:$MF$25,3,0),"") -> Other | DJ41: =_xlfn.XLOOKUP(DA41,'Composite Datasheets'!$MC$6:$MC$25,'Composite Datasheets'!$MF$6:$MF$25,"") | DP41: 25 | DX41: =IFERROR(VLOOKUP(DR41,'Composite Datasheets'!$MC$6:$MF$25,3,0),"") -> Other | EA41: =_xlfn.XLOOKUP(DR41,'Composite Datasheets'!$MC$6:$MC$25,'Composite Datasheets'!$MF$6:$MF$25,"") | EG41: 25 | EO41: =IFERROR(VLOOKUP(EI41,'Composite Datasheets'!$MC$6:$MF$25,3,0),"") -> Other | ER41: =_xlfn.XLOOKUP(EI41,'Composite Datasheets'!$MC$6:$MC$25,'Composite Datasheets'!$MF$6:$MF$25,"") | EX41: 25 | FF41: =IFERROR(VLOOKUP(EZ41,'Composite Datasheets'!$MC$6:$MF$25,3,0),"") -> Other | FI41: =_xlfn.XLOOKUP(EZ41,'Composite Datasheets'!$MC$6:$MC$25,'Composite Datasheets'!$MF$6:$MF$25,"") | FO41: 25 | FW41: =IFERROR(VLOOKUP(FQ41,'Composite Datasheets'!$MC$6:$MF$25,3,0),"") -> Other | FZ41: =_xlfn.XLOOKUP(FQ41,'Composite Datasheets'!$MC$6:$MC$25,'Composite Datasheets'!$MF$6:$MF$25,"") | GF41: 25 | GN41: =IFERROR(VLOOKUP(GH41,'Composite Datasheets'!$MC$6:$MF$25,3,0),"") -> Other | GQ41: =_xlfn.XLOOKUP(GH41,'Composite Datasheets'!$MC$6:$MC$25,'Composite Datasheets'!$MF$6:$MF$25,"") | GW41: 25 | HE41: =IFERROR(VLOOKUP(GY41,'Composite Datasheets'!$MC$6:$MF$25,3,0),"") -> Other | HH41: =_xlfn.XLOOKUP(GY41,'Composite Datasheets'!$MC$6:$MC$25,'Composite Datasheets'!$MF$6:$MF$25,"") | HN41: 25 | HV41: =IFERROR(VLOOKUP(HP41,'Composite Datasheets'!$MC$6:$MF$25,3,0),"") -> Other | HY41: =_xlfn.XLOOKUP(HP41,'Composite Datasheets'!$MC$6:$MC$25,'Composite Datasheets'!$MF$6:$MF$25,"") | IE41: 25 | IM41: =IFERROR(VLOOKUP(IG41,'Composite Datasheets'!$MC$6:$MF$25,3,0),"") -> Other | IP41: =_xlfn.XLOOKUP(IG41,'Composite Datasheets'!$MC$6:$MC$25,'Composite Datasheets'!$MF$6:$MF$25,"")
A42: 26 | I42: =IFERROR(VLOOKUP(C42,'Composite Datasheets'!$MC$6:$MF$25,3,0),"") -> Other | L42: =_xlfn.XLOOKUP(C42,'Composite Datasheets'!$MC$6:$MC$25,'Composite Datasheets'!$MF$6:$MF$25,"") | R42: 26 | Z42: =IFERROR(VLOOKUP(T42,'Composite Datasheets'!$MC$6:$MF$25,3,0),"") -> Other | AC42: =_xlfn.XLOOKUP(T42,'Composite Datasheets'!$MC$6:$MC$25,'Composite Datasheets'!$MF$6:$MF$25,"") | AI42: 26 | AQ42: =IFERROR(VLOOKUP(AK42,'Composite Datasheets'!$MC$6:$MF$25,3,0),"") -> Other | AT42: =_xlfn.XLOOKUP(AK42,'Composite Datasheets'!$MC$6:$MC$25,'Composite Datasheets'!$MF$6:$MF$25,"") | AZ42: 26 | BH42: =IFERROR(VLOOKUP(BB42,'Composite Datasheets'!$MC$6:$MF$25,3,0),"") -> Other | BK42: =_xlfn.XLOOKUP(BB42,'Composite Datasheets'!$MC$6:$MC$25,'Composite Datasheets'!$MF$6:$MF$25,"") | BQ42: 26 | BY42: =IFERROR(VLOOKUP(BS42,'Composite Datasheets'!$MC$6:$MF$25,3,0),"") -> Other | CB42: =_xlfn.XLOOKUP(BS42,'Composite Datasheets'!$MC$6:$MC$25,'Composite Datasheets'!$MF$6:$MF$25,"") | CH42: 26 | CP42: =IFERROR(VLOOKUP(CJ42,'Composite Datasheets'!$MC$6:$MF$25,3,0),"") -> Other | CS42: =_xlfn.XLOOKUP(CJ42,'Composite Datasheets'!$MC$6:$MC$25,'Composite Datasheets'!$MF$6:$MF$25,"") | CY42: 26 | DG42: =IFERROR(VLOOKUP(DA42,'Composite Datasheets'!$MC$6:$MF$25,3,0),"") -> Other | DJ42: =_xlfn.XLOOKUP(DA42,'Composite Datasheets'!$MC$6:$MC$25,'Composite Datasheets'!$MF$6:$MF$25,"") | DP42: 26 | DX42: =IFERROR(VLOOKUP(DR42,'Composite Datasheets'!$MC$6:$MF$25,3,0),"") -> Other | EA42: =_xlfn.XLOOKUP(DR42,'Composite Datasheets'!$MC$6:$MC$25,'Composite Datasheets'!$MF$6:$MF$25,"") | EG42: 26 | EO42: =IFERROR(VLOOKUP(EI42,'Composite Datasheets'!$MC$6:$MF$25,3,0),"") -> Other | ER42: =_xlfn.XLOOKUP(EI42,'Composite Datasheets'!$MC$6:$MC$25,'Composite Datasheets'!$MF$6:$MF$25,"") | EX42: 26 | FF42: =IFERROR(VLOOKUP(EZ42,'Composite Datasheets'!$MC$6:$MF$25,3,0),"") -> Other | FI42: =_xlfn.XLOOKUP(EZ42,'Composite Datasheets'!$MC$6:$MC$25,'Composite Datasheets'!$MF$6:$MF$25,"") | FO42: 26 | FW42: =IFERROR(VLOOKUP(FQ42,'Composite Datasheets'!$MC$6:$MF$25,3,0),"") -> Other | FZ42: =_xlfn.XLOOKUP(FQ42,'Composite Datasheets'!$MC$6:$MC$25,'Composite Datasheets'!$MF$6:$MF$25,"") | GF42: 26 | GN42: =IFERROR(VLOOKUP(GH42,'Composite Datasheets'!$MC$6:$MF$25,3,0),"") -> Other | GQ42: =_xlfn.XLOOKUP(GH42,'Composite Datasheets'!$MC$6:$MC$25,'Composite Datasheets'!$MF$6:$MF$25,"") | GW42: 26 | HE42: =IFERROR(VLOOKUP(GY42,'Composite Datasheets'!$MC$6:$MF$25,3,0),"") -> Other | HH42: =_xlfn.XLOOKUP(GY42,'Composite Datasheets'!$MC$6:$MC$25,'Composite Datasheets'!$MF$6:$MF$25,"") | HN42: 26 | HV42: =IFERROR(VLOOKUP(HP42,'Composite Datasheets'!$MC$6:$MF$25,3,0),"") -> Other | HY42: =_xlfn.XLOOKUP(HP42,'Composite Datasheets'!$MC$6:$MC$25,'Composite Datasheets'!$MF$6:$MF$25,"") | IE42: 26 | IM42: =IFERROR(VLOOKUP(IG42,'Composite Datasheets'!$MC$6:$MF$25,3,0),"") -> Other | IP42: =_xlfn.XLOOKUP(IG42,'Composite Datasheets'!$MC$6:$MC$25,'Composite Datasheets'!$MF$6:$MF$25,"")
A43: 27 | I43: =IFERROR(VLOOKUP(C43,'Composite Datasheets'!$MC$6:$MF$25,3,0),"") -> Other | L43: =_xlfn.XLOOKUP(C43,'Composite Datasheets'!$MC$6:$MC$25,'Composite Datasheets'!$MF$6:$MF$25,"") | R43: 27 | Z43: =IFERROR(VLOOKUP(T43,'Composite Datasheets'!$MC$6:$MF$25,3,0),"") -> Other | AC43: =_xlfn.XLOOKUP(T43,'Composite Datasheets'!$MC$6:$MC$25,'Composite Datasheets'!$MF$6:$MF$25,"") | AI43: 27 | AQ43: =IFERROR(VLOOKUP(AK43,'Composite Datasheets'!$MC$6:$MF$25,3,0),"") -> Other | AT43: =_xlfn.XLOOKUP(AK43,'Composite Datasheets'!$MC$6:$MC$25,'Composite Datasheets'!$MF$6:$MF$25,"") | AZ43: 27 | BH43: =IFERROR(VLOOKUP(BB43,'Composite Datasheets'!$MC$6:$MF$25,3,0),"") -> Other | BK43: =_xlfn.XLOOKUP(BB43,'Composite Datasheets'!$MC$6:$MC$25,'Composite Datasheets'!$MF$6:$MF$25,"") | BQ43: 27 | BY43: =IFERROR(VLOOKUP(BS43,'Composite Datasheets'!$MC$6:$MF$25,3,0),"") -> Other | CB43: =_xlfn.XLOOKUP(BS43,'Composite Datasheets'!$MC$6:$MC$25,'Composite Datasheets'!$MF$6:$MF$25,"") | CH43: 27 | CP43: =IFERROR(VLOOKUP(CJ43,'Composite Datasheets'!$MC$6:$MF$25,3,0),"") -> Other | CS43: =_xlfn.XLOOKUP(CJ43,'Composite Datasheets'!$MC$6:$MC$25,'Composite Datasheets'!$MF$6:$MF$25,"") | CY43: 27 | DG43: =IFERROR(VLOOKUP(DA43,'Composite Datasheets'!$MC$6:$MF$25,3,0),"") -> Other | DJ43: =_xlfn.XLOOKUP(DA43,'Composite Datasheets'!$MC$6:$MC$25,'Composite Datasheets'!$MF$6:$MF$25,"") | DP43: 27 | DX43: =IFERROR(VLOOKUP(DR43,'Composite Datasheets'!$MC$6:$MF$25,3,0),"") -> Other | EA43: =_xlfn.XLOOKUP(DR43,'Composite Datasheets'!$MC$6:$MC$25,'Composite Datasheets'!$MF$6:$MF$25,"") | EG43: 27 | EO43: =IFERROR(VLOOKUP(EI43,'Composite Datasheets'!$MC$6:$MF$25,3,0),"") -> Other | ER43: =_xlfn.XLOOKUP(EI43,'Composite Datasheets'!$MC$6:$MC$25,'Composite Datasheets'!$MF$6:$MF$25,"") | EX43: 27 | FF43: =IFERROR(VLOOKUP(EZ43,'Composite Datasheets'!$MC$6:$MF$25,3,0),"") -> Other | FI43: =_xlfn.XLOOKUP(EZ43,'Composite Datasheets'!$MC$6:$MC$25,'Composite Datasheets'!$MF$6:$MF$25,"") | FO43: 27 | FW43: =IFERROR(VLOOKUP(FQ43,'Composite Datasheets'!$MC$6:$MF$25,3,0),"") -> Other | FZ43: =_xlfn.XLOOKUP(FQ43,'Composite Datasheets'!$MC$6:$MC$25,'Composite Datasheets'!$MF$6:$MF$25,"") | GF43: 27 | GN43: =IFERROR(VLOOKUP(GH43,'Composite Datasheets'!$MC$6:$MF$25,3,0),"") -> Other | GQ43: =_xlfn.XLOOKUP(GH43,'Composite Datasheets'!$MC$6:$MC$25,'Composite Datasheets'!$MF$6:$MF$25,"") | GW43: 27 | HE43: =IFERROR(VLOOKUP(GY43,'Composite Datasheets'!$MC$6:$MF$25,3,0),"") -> Other | HH43: =_xlfn.XLOOKUP(GY43,'Composite Datasheets'!$MC$6:$MC$25,'Composite Datasheets'!$MF$6:$MF$25,"") | HN43: 27 | HV43: =IFERROR(VLOOKUP(HP43,'Composite Datasheets'!$MC$6:$MF$25,3,0),"") -> Other | HY43: =_xlfn.XLOOKUP(HP43,'Composite Datasheets'!$MC$6:$MC$25,'Composite Datasheets'!$MF$6:$MF$25,"") | IE43: 27 | IM43: =IFERROR(VLOOKUP(IG43,'Composite Datasheets'!$MC$6:$MF$25,3,0),"") -> Other | IP43: =_xlfn.XLOOKUP(IG43,'Composite Datasheets'!$MC$6:$MC$25,'Composite Datasheets'!$MF$6:$MF$25,"")
